student_id,subject_slot,marks_pct
SS1001,1,54.4
SS1001,2,70.2
SS1001,3,62.5
SS1001,4,77.1
SS1001,5,70.3
SS1002,1,97.4
SS1002,2,74.6
SS1002,3,94.6
SS1002,4,100.0
SS1002,5,81.4
SS1002,6,87.2
SS1003,1,70.3
SS1003,2,94.0
SS1003,3,97.1
SS1004,1,41.1
SS1004,2,55.1
SS1004,3,51.1
SS1004,4,52.6
SS1005,1,72.5
SS1005,2,68.6
SS1005,3,60.1
SS1005,4,72.7
SS1006,1,98.2
SS1006,2,76.5
SS1006,3,83.7
SS1006,4,60.7
SS1006,5,91.3
SS1007,1,88.5
SS1007,2,69.3
SS1007,3,74.3
SS1008,1,65.6
SS1008,2,63.5
SS1008,3,71.5
SS1008,4,58.3
SS1009,1,60.1
SS1009,2,51.4
SS1009,3,70.9
SS1009,4,66.3
SS1009,5,57.6
SS1009,6,63.7
SS1010,1,58.1
SS1010,2,75.9
SS1010,3,55.3
SS1011,1,78.0
SS1011,2,60.5
SS1011,3,80.3
SS1011,4,83.2
SS1011,5,83.8
SS1012,1,81.8
SS1012,2,66.5
SS1012,3,78.8
SS1012,4,83.8
SS1012,5,48.1
SS1013,1,57.6
SS1013,2,46.0
SS1013,3,79.2
SS1013,4,45.8
SS1014,1,43.9
SS1014,2,52.7
SS1014,3,44.4
SS1015,1,60.7
SS1015,2,43.1
SS1015,3,35.2
SS1016,1,72.4
SS1016,2,73.1
SS1016,3,48.6
SS1016,4,63.6
SS1017,1,94.0
SS1017,2,90.4
SS1017,3,90.7
SS1018,1,58.2
SS1018,2,70.8
SS1018,3,38.8
SS1019,1,53.0
SS1019,2,67.2
SS1019,3,72.7
SS1020,1,55.4
SS1020,2,64.0
SS1020,3,84.9
SS1021,1,51.2
SS1021,2,66.9
SS1021,3,93.5
SS1021,4,66.7
SS1021,5,83.8
SS1021,6,81.7
SS1022,1,82.7
SS1022,2,91.5
SS1022,3,70.9
SS1022,4,43.9
SS1022,5,57.5
SS1023,1,100.0
SS1023,2,57.5
SS1023,3,82.4
SS1024,1,48.6
SS1024,2,63.7
SS1024,3,92.8
SS1024,4,81.8
SS1024,5,76.4
SS1025,1,57.9
SS1025,2,42.5
SS1025,3,77.5
SS1026,1,77.0
SS1026,2,60.9
SS1026,3,81.1
SS1026,4,88.3
SS1027,1,32.9
SS1027,2,37.0
SS1027,3,36.0
SS1028,1,77.5
SS1028,2,87.4
SS1028,3,96.3
SS1029,1,84.4
SS1029,2,81.2
SS1029,3,62.1
SS1030,1,88.3
SS1030,2,86.1
SS1030,3,70.8
SS1030,4,74.0
SS1031,1,58.9
SS1031,2,68.0
SS1031,3,26.5
SS1031,4,71.4
SS1032,1,70.3
SS1032,2,57.8
SS1032,3,52.1
SS1032,4,60.3
SS1033,1,59.6
SS1033,2,65.6
SS1033,3,48.7
SS1033,4,45.3
SS1033,5,98.2
SS1034,1,66.6
SS1034,2,68.4
SS1034,3,65.4
SS1034,4,55.0
SS1034,5,61.8
SS1035,1,70.9
SS1035,2,67.1
SS1035,3,59.9
SS1035,4,75.9
SS1035,5,72.1
SS1036,1,85.2
SS1036,2,89.3
SS1036,3,77.9
SS1036,4,77.9
SS1036,5,99.4
SS1037,1,30.8
SS1037,2,20.0
SS1037,3,50.3
SS1037,4,34.9
SS1037,5,29.1
SS1038,1,90.2
SS1038,2,76.8
SS1038,3,62.3
SS1038,4,100.0
SS1039,1,45.2
SS1039,2,65.0
SS1039,3,41.5
SS1040,1,66.9
SS1040,2,55.1
SS1040,3,74.1
SS1040,4,63.2
SS1041,1,64.5
SS1041,2,41.3
SS1041,3,26.0
SS1042,1,75.6
SS1042,2,69.2
SS1042,3,48.8
SS1042,4,58.8
SS1042,5,62.9
SS1042,6,92.7
SS1043,1,43.8
SS1043,2,30.1
SS1043,3,40.7
SS1043,4,20.0
SS1044,1,67.1
SS1044,2,79.6
SS1044,3,76.5
SS1044,4,67.4
SS1044,5,73.9
SS1044,6,78.8
SS1045,1,46.5
SS1045,2,57.8
SS1045,3,50.7
SS1045,4,53.2
SS1045,5,68.9
SS1045,6,57.4
SS1046,1,89.3
SS1046,2,58.0
SS1046,3,46.0
SS1046,4,64.9
SS1047,1,61.6
SS1047,2,83.5
SS1047,3,49.8
SS1047,4,63.5
SS1047,5,69.8
SS1047,6,65.8
SS1048,1,79.0
SS1048,2,85.9
SS1048,3,95.2
SS1048,4,100.0
SS1049,1,64.1
SS1049,2,53.1
SS1049,3,83.6
SS1050,1,43.0
SS1050,2,80.3
SS1050,3,74.5
SS1051,1,78.8
SS1051,2,68.3
SS1051,3,31.9
SS1052,1,69.0
SS1052,2,86.5
SS1052,3,73.7
SS1052,4,78.4
SS1052,5,90.5
SS1052,6,80.3
SS1053,1,57.2
SS1053,2,84.5
SS1053,3,79.7
SS1053,4,69.8
SS1054,1,70.2
SS1054,2,62.2
SS1054,3,78.3
SS1054,4,63.0
SS1055,1,80.1
SS1055,2,38.5
SS1055,3,68.9
SS1055,4,57.7
SS1056,1,34.4
SS1056,2,60.7
SS1056,3,57.2
SS1056,4,20.0
SS1057,1,80.4
SS1057,2,78.8
SS1057,3,61.7
SS1057,4,60.2
SS1057,5,50.4
SS1057,6,66.7
SS1058,1,40.8
SS1058,2,53.5
SS1058,3,46.6
SS1058,4,29.3
SS1058,5,46.2
SS1058,6,39.8
SS1059,1,63.6
SS1059,2,55.1
SS1059,3,83.9
SS1060,1,73.5
SS1060,2,74.9
SS1060,3,58.2
SS1060,4,69.9
SS1060,5,49.8
SS1061,1,82.2
SS1061,2,95.4
SS1061,3,98.4
SS1061,4,73.8
SS1062,1,38.0
SS1062,2,46.9
SS1062,3,64.2
SS1063,1,54.1
SS1063,2,66.5
SS1063,3,67.9
SS1063,4,61.5
SS1063,5,68.2
SS1063,6,47.2
SS1064,1,80.9
SS1064,2,100.0
SS1064,3,100.0
SS1065,1,92.5
SS1065,2,95.8
SS1065,3,57.8
SS1066,1,44.6
SS1066,2,52.9
SS1066,3,88.3
SS1067,1,64.8
SS1067,2,78.6
SS1067,3,73.8
SS1067,4,73.5
SS1068,1,65.7
SS1068,2,50.4
SS1068,3,30.9
SS1068,4,82.7
SS1068,5,58.0
SS1069,1,45.4
SS1069,2,75.4
SS1069,3,75.1
SS1069,4,79.7
SS1070,1,71.4
SS1070,2,45.0
SS1070,3,45.5
SS1071,1,60.7
SS1071,2,75.5
SS1071,3,37.5
SS1072,1,46.9
SS1072,2,57.3
SS1072,3,56.8
SS1072,4,54.4
SS1072,5,59.0
SS1072,6,20.0
SS1073,1,88.8
SS1073,2,72.1
SS1073,3,85.2
SS1073,4,52.5
SS1073,5,45.0
SS1073,6,91.0
SS1074,1,59.9
SS1074,2,67.9
SS1074,3,78.8
SS1074,4,81.9
SS1074,5,85.9
SS1074,6,74.8
SS1075,1,49.3
SS1075,2,72.2
SS1075,3,72.4
SS1075,4,39.4
SS1075,5,81.4
SS1076,1,20.0
SS1076,2,58.4
SS1076,3,36.8
SS1076,4,54.2
SS1076,5,51.6
SS1077,1,78.4
SS1077,2,84.8
SS1077,3,77.8
SS1077,4,88.2
SS1077,5,100.0
SS1077,6,61.5
SS1078,1,29.3
SS1078,2,65.3
SS1078,3,64.4
SS1078,4,65.8
SS1078,5,58.7
SS1079,1,67.9
SS1079,2,38.6
SS1079,3,62.5
SS1079,4,64.9
SS1080,1,66.5
SS1080,2,68.7
SS1080,3,74.7
SS1080,4,63.1
SS1081,1,42.0
SS1081,2,52.8
SS1081,3,54.3
SS1081,4,58.1
SS1082,1,30.4
SS1082,2,50.3
SS1082,3,38.9
SS1083,1,66.3
SS1083,2,68.4
SS1083,3,55.4
SS1084,1,72.5
SS1084,2,89.8
SS1084,3,80.3
SS1084,4,100.0
SS1084,5,100.0
SS1085,1,70.7
SS1085,2,60.7
SS1085,3,81.4
SS1085,4,60.8
SS1085,5,51.5
SS1085,6,48.9
SS1086,1,65.2
SS1086,2,74.2
SS1086,3,80.3
SS1087,1,40.6
SS1087,2,53.2
SS1087,3,61.8
SS1088,1,77.6
SS1088,2,68.9
SS1088,3,72.4
SS1089,1,48.1
SS1089,2,52.3
SS1089,3,63.4
SS1089,4,70.8
SS1089,5,67.2
SS1089,6,53.2
SS1090,1,74.2
SS1090,2,97.0
SS1090,3,84.4
SS1090,4,75.2
SS1091,1,45.7
SS1091,2,49.7
SS1091,3,59.1
SS1091,4,62.6
SS1092,1,53.0
SS1092,2,50.6
SS1092,3,40.8
SS1093,1,41.4
SS1093,2,74.6
SS1093,3,40.8
SS1093,4,31.2
SS1093,5,26.7
SS1093,6,43.4
SS1094,1,71.3
SS1094,2,51.6
SS1094,3,78.3
SS1094,4,59.0
SS1095,1,64.2
SS1095,2,39.9
SS1095,3,40.2
SS1095,4,51.0
SS1095,5,56.1
SS1095,6,47.5
SS1096,1,75.1
SS1096,2,79.0
SS1096,3,52.8
SS1096,4,66.9
SS1096,5,64.6
SS1097,1,53.8
SS1097,2,65.2
SS1097,3,53.3
SS1098,1,68.9
SS1098,2,91.9
SS1098,3,81.2
SS1098,4,100.0
SS1098,5,100.0
SS1098,6,66.7
SS1099,1,33.3
SS1099,2,48.0
SS1099,3,25.1
SS1099,4,53.6
SS1099,5,57.0
SS1100,1,66.5
SS1100,2,58.5
SS1100,3,38.6
SS1100,4,79.2
SS1100,5,94.6
SS1101,1,74.6
SS1101,2,48.8
SS1101,3,37.1
SS1102,1,70.5
SS1102,2,58.0
SS1102,3,65.8
SS1102,4,63.5
SS1102,5,60.8
SS1102,6,73.0
SS1103,1,81.7
SS1103,2,61.0
SS1103,3,55.8
SS1103,4,35.3
SS1103,5,63.3
SS1103,6,53.6
SS1104,1,41.2
SS1104,2,31.4
SS1104,3,32.8
SS1104,4,46.4
SS1105,1,74.3
SS1105,2,67.6
SS1105,3,91.0
SS1106,1,100.0
SS1106,2,85.3
SS1106,3,85.9
SS1106,4,100.0
SS1106,5,93.3
SS1106,6,76.1
SS1107,1,71.7
SS1107,2,76.4
SS1107,3,75.5
SS1107,4,80.2
SS1107,5,87.0
SS1107,6,82.6
SS1108,1,73.8
SS1108,2,66.7
SS1108,3,45.6
SS1108,4,69.5
SS1108,5,76.1
SS1109,1,79.9
SS1109,2,54.8
SS1109,3,75.6
SS1109,4,87.7
SS1109,5,66.0
SS1110,1,66.1
SS1110,2,69.5
SS1110,3,78.4
SS1111,1,80.7
SS1111,2,53.5
SS1111,3,60.8
SS1112,1,39.2
SS1112,2,44.8
SS1112,3,43.4
SS1112,4,54.9
SS1112,5,20.0
SS1112,6,41.8
SS1113,1,80.6
SS1113,2,71.2
SS1113,3,44.9
SS1113,4,73.5
SS1114,1,55.3
SS1114,2,86.3
SS1114,3,69.4
SS1114,4,54.2
SS1115,1,26.1
SS1115,2,60.5
SS1115,3,61.8
SS1115,4,50.0
SS1115,5,60.6
SS1116,1,63.1
SS1116,2,81.5
SS1116,3,80.5
SS1117,1,37.1
SS1117,2,40.3
SS1117,3,84.8
SS1118,1,71.2
SS1118,2,42.7
SS1118,3,38.7
SS1119,1,76.6
SS1119,2,59.0
SS1119,3,69.8
SS1119,4,73.3
SS1120,1,47.4
SS1120,2,63.2
SS1120,3,72.5
SS1120,4,42.4
SS1121,1,64.9
SS1121,2,84.7
SS1121,3,100.0
SS1122,1,42.6
SS1122,2,58.9
SS1122,3,36.9
SS1122,4,48.1
SS1123,1,42.3
SS1123,2,57.5
SS1123,3,55.9
SS1123,4,65.3
SS1124,1,100.0
SS1124,2,85.9
SS1124,3,65.0
SS1124,4,88.4
SS1124,5,94.9
SS1125,1,83.3
SS1125,2,78.7
SS1125,3,100.0
SS1125,4,82.5
SS1125,5,79.3
SS1126,1,57.2
SS1126,2,44.6
SS1126,3,71.6
SS1126,4,70.5
SS1126,5,53.5
SS1126,6,66.7
SS1127,1,51.9
SS1127,2,45.7
SS1127,3,43.5
SS1127,4,59.1
SS1127,5,50.9
SS1127,6,46.1
SS1128,1,47.9
SS1128,2,57.4
SS1128,3,71.1
SS1128,4,61.8
SS1129,1,63.9
SS1129,2,71.0
SS1129,3,84.7
SS1129,4,73.4
SS1129,5,70.4
SS1129,6,75.3
SS1130,1,64.4
SS1130,2,68.9
SS1130,3,60.1
SS1130,4,46.3
SS1130,5,71.0
SS1131,1,69.3
SS1131,2,61.1
SS1131,3,78.3
SS1132,1,56.2
SS1132,2,42.6
SS1132,3,56.5
SS1132,4,45.6
SS1133,1,67.6
SS1133,2,53.4
SS1133,3,76.0
SS1133,4,75.7
SS1133,5,51.2
SS1134,1,36.8
SS1134,2,54.2
SS1134,3,60.0
SS1134,4,21.1
SS1134,5,51.0
SS1134,6,20.0
SS1135,1,52.2
SS1135,2,73.5
SS1135,3,98.4
SS1135,4,56.2
SS1136,1,61.7
SS1136,2,71.2
SS1136,3,78.8
SS1137,1,39.5
SS1137,2,36.2
SS1137,3,42.7
SS1138,1,68.6
SS1138,2,61.3
SS1138,3,52.0
SS1139,1,46.6
SS1139,2,49.9
SS1139,3,42.3
SS1139,4,46.1
SS1139,5,63.7
SS1140,1,64.4
SS1140,2,44.6
SS1140,3,80.7
SS1140,4,72.8
SS1140,5,49.4
SS1141,1,56.2
SS1141,2,50.6
SS1141,3,69.7
SS1141,4,56.1
SS1142,1,84.3
SS1142,2,82.7
SS1142,3,66.0
SS1142,4,100.0
SS1142,5,93.8
SS1143,1,62.9
SS1143,2,75.1
SS1143,3,85.3
SS1143,4,73.3
SS1143,5,92.8
SS1143,6,100.0
SS1144,1,47.3
SS1144,2,41.3
SS1144,3,36.0
SS1144,4,20.1
SS1144,5,65.1
SS1144,6,44.3
SS1145,1,86.1
SS1145,2,88.7
SS1145,3,60.6
SS1146,1,43.8
SS1146,2,78.6
SS1146,3,55.0
SS1146,4,47.3
SS1146,5,42.3
SS1147,1,56.7
SS1147,2,78.1
SS1147,3,67.4
SS1147,4,60.9
SS1147,5,79.2
SS1147,6,76.6
SS1148,1,74.4
SS1148,2,100.0
SS1148,3,66.9
SS1148,4,84.4
SS1148,5,65.0
SS1148,6,81.8
SS1149,1,56.4
SS1149,2,65.6
SS1149,3,90.7
SS1149,4,72.0
SS1150,1,83.8
SS1150,2,67.5
SS1150,3,80.0
SS1150,4,64.5
SS1151,1,67.4
SS1151,2,67.1
SS1151,3,53.6
SS1151,4,77.5
SS1151,5,75.7
SS1151,6,57.8
SS1152,1,65.4
SS1152,2,50.4
SS1152,3,54.5
SS1153,1,43.5
SS1153,2,51.3
SS1153,3,56.1
SS1153,4,35.9
SS1153,5,65.0
SS1154,1,71.9
SS1154,2,58.5
SS1154,3,23.5
SS1155,1,77.0
SS1155,2,62.2
SS1155,3,72.4
SS1155,4,99.2
SS1155,5,48.7
SS1155,6,69.7
SS1156,1,85.0
SS1156,2,65.1
SS1156,3,64.1
SS1157,1,100.0
SS1157,2,93.1
SS1157,3,100.0
SS1158,1,100.0
SS1158,2,97.1
SS1158,3,100.0
SS1158,4,100.0
SS1159,1,30.7
SS1159,2,52.1
SS1159,3,52.0
SS1160,1,61.3
SS1160,2,79.7
SS1160,3,70.2
SS1160,4,91.9
SS1161,1,65.0
SS1161,2,68.4
SS1161,3,35.1
SS1161,4,40.2
SS1162,1,46.5
SS1162,2,73.1
SS1162,3,43.3
SS1162,4,43.7
SS1163,1,43.2
SS1163,2,93.6
SS1163,3,56.0
SS1163,4,64.7
SS1163,5,43.0
SS1164,1,64.8
SS1164,2,29.2
SS1164,3,39.6
SS1164,4,42.8
SS1164,5,55.1
SS1165,1,42.0
SS1165,2,72.1
SS1165,3,58.8
SS1165,4,43.3
SS1165,5,65.3
SS1165,6,47.2
SS1166,1,56.4
SS1166,2,75.7
SS1166,3,32.2
SS1166,4,73.7
SS1167,1,40.9
SS1167,2,40.9
SS1167,3,75.7
SS1167,4,43.3
SS1167,5,62.6
SS1168,1,80.5
SS1168,2,81.9
SS1168,3,73.6
SS1168,4,73.0
SS1168,5,96.8
SS1169,1,66.2
SS1169,2,47.6
SS1169,3,40.5
SS1170,1,87.4
SS1170,2,100.0
SS1170,3,100.0
SS1170,4,100.0
SS1170,5,74.0
SS1171,1,69.9
SS1171,2,77.0
SS1171,3,62.4
SS1171,4,85.8
SS1171,5,42.9
SS1171,6,69.0
SS1172,1,53.6
SS1172,2,80.7
SS1172,3,74.9
SS1172,4,90.3
SS1173,1,55.7
SS1173,2,43.9
SS1173,3,42.8
SS1174,1,84.9
SS1174,2,81.6
SS1174,3,100.0
SS1174,4,100.0
SS1175,1,61.1
SS1175,2,81.1
SS1175,3,81.4
SS1175,4,70.4
SS1176,1,75.6
SS1176,2,88.9
SS1176,3,81.5
SS1176,4,87.4
SS1176,5,60.6
SS1177,1,49.0
SS1177,2,38.5
SS1177,3,51.6
SS1177,4,52.8
SS1177,5,61.0
SS1177,6,65.6
SS1178,1,77.7
SS1178,2,57.5
SS1178,3,51.1
SS1178,4,75.5
SS1178,5,88.2
SS1179,1,51.1
SS1179,2,31.5
SS1179,3,78.5
SS1180,1,91.4
SS1180,2,87.2
SS1180,3,69.8
SS1180,4,85.2
SS1181,1,85.4
SS1181,2,83.0
SS1181,3,67.7
SS1181,4,75.8
SS1181,5,68.5
SS1182,1,88.8
SS1182,2,78.8
SS1182,3,60.4
SS1182,4,52.0
SS1183,1,37.9
SS1183,2,27.9
SS1183,3,28.9
SS1183,4,20.0
SS1183,5,21.2
SS1184,1,55.3
SS1184,2,49.7
SS1184,3,85.7
SS1184,4,60.9
SS1184,5,38.2
SS1185,1,54.9
SS1185,2,80.1
SS1185,3,69.7
SS1185,4,92.2
SS1186,1,85.5
SS1186,2,56.0
SS1186,3,68.5
SS1186,4,73.0
SS1186,5,87.5
SS1187,1,66.7
SS1187,2,82.4
SS1187,3,63.0
SS1187,4,80.5
SS1188,1,50.1
SS1188,2,64.3
SS1188,3,48.5
SS1189,1,59.3
SS1189,2,89.3
SS1189,3,67.5
SS1189,4,80.0
SS1190,1,71.2
SS1190,2,80.4
SS1190,3,68.8
SS1190,4,83.4
SS1191,1,54.8
SS1191,2,38.0
SS1191,3,37.2
SS1192,1,70.5
SS1192,2,55.2
SS1192,3,46.2
SS1192,4,70.5
SS1192,5,64.5
SS1192,6,64.2
SS1193,1,76.4
SS1193,2,78.2
SS1193,3,67.5
SS1193,4,55.0
SS1193,5,61.3
SS1194,1,69.7
SS1194,2,63.9
SS1194,3,55.0
SS1195,1,31.7
SS1195,2,49.9
SS1195,3,39.0
SS1195,4,51.7
SS1195,5,53.3
SS1195,6,37.8
SS1196,1,74.1
SS1196,2,63.6
SS1196,3,65.3
SS1196,4,33.3
SS1196,5,49.2
SS1196,6,49.9
SS1197,1,57.6
SS1197,2,63.2
SS1197,3,63.7
SS1198,1,67.8
SS1198,2,55.2
SS1198,3,73.1
SS1199,1,82.2
SS1199,2,54.1
SS1199,3,50.1
SS1199,4,49.8
SS1200,1,61.3
SS1200,2,53.4
SS1200,3,37.7
SS1200,4,41.3
SS1200,5,73.5
SS1201,1,82.2
SS1201,2,86.3
SS1201,3,68.4
SS1201,4,52.6
SS1201,5,59.8
SS1202,1,52.4
SS1202,2,51.9
SS1202,3,75.1
SS1202,4,78.8
SS1203,1,87.5
SS1203,2,60.9
SS1203,3,44.3
SS1203,4,60.4
SS1203,5,58.3
SS1204,1,54.3
SS1204,2,65.2
SS1204,3,44.9
SS1205,1,68.9
SS1205,2,75.7
SS1205,3,85.7
SS1205,4,71.2
SS1205,5,80.8
SS1206,1,35.2
SS1206,2,37.0
SS1206,3,58.5
SS1206,4,23.2
SS1206,5,35.8
SS1206,6,55.7
SS1207,1,69.5
SS1207,2,68.5
SS1207,3,68.8
SS1207,4,73.7
SS1207,5,86.3
SS1208,1,78.0
SS1208,2,66.1
SS1208,3,80.2
SS1208,4,70.4
SS1209,1,77.7
SS1209,2,53.1
SS1209,3,89.1
SS1209,4,69.4
SS1210,1,42.8
SS1210,2,100.0
SS1210,3,78.6
SS1210,4,73.4
SS1210,5,70.6
SS1210,6,84.2
SS1211,1,29.1
SS1211,2,33.1
SS1211,3,33.4
SS1212,1,36.5
SS1212,2,33.6
SS1212,3,51.4
SS1212,4,43.8
SS1213,1,74.7
SS1213,2,77.5
SS1213,3,68.4
SS1214,1,52.6
SS1214,2,89.4
SS1214,3,78.0
SS1214,4,86.9
SS1214,5,79.3
SS1214,6,59.9
SS1215,1,37.7
SS1215,2,52.2
SS1215,3,76.5
SS1215,4,66.9
SS1216,1,54.5
SS1216,2,27.6
SS1216,3,59.8
SS1216,4,45.9
SS1216,5,50.6
SS1216,6,71.1
SS1217,1,61.2
SS1217,2,62.5
SS1217,3,77.0
SS1217,4,85.9
SS1217,5,69.4
SS1218,1,97.2
SS1218,2,61.5
SS1218,3,59.2
SS1218,4,58.1
SS1218,5,56.6
SS1219,1,76.7
SS1219,2,59.6
SS1219,3,54.0
SS1219,4,77.2
SS1219,5,83.0
SS1220,1,76.3
SS1220,2,74.0
SS1220,3,50.7
SS1221,1,42.2
SS1221,2,45.1
SS1221,3,32.4
SS1221,4,40.7
SS1221,5,22.3
SS1222,1,67.8
SS1222,2,80.8
SS1222,3,95.6
SS1222,4,91.0
SS1222,5,84.6
SS1223,1,82.9
SS1223,2,80.9
SS1223,3,63.1
SS1223,4,71.0
SS1223,5,71.5
SS1223,6,89.4
SS1224,1,86.7
SS1224,2,84.0
SS1224,3,89.8
SS1224,4,75.3
SS1224,5,61.6
SS1225,1,54.0
SS1225,2,45.2
SS1225,3,63.2
SS1225,4,49.9
SS1225,5,53.3
SS1225,6,63.6
SS1226,1,65.2
SS1226,2,87.3
SS1226,3,57.3
SS1226,4,78.8
SS1226,5,73.6
SS1226,6,85.6
SS1227,1,59.3
SS1227,2,57.3
SS1227,3,87.0
SS1227,4,72.1
SS1227,5,76.0
SS1228,1,77.7
SS1228,2,98.2
SS1228,3,90.2
SS1228,4,89.4
SS1229,1,39.4
SS1229,2,61.1
SS1229,3,41.7
SS1230,1,54.5
SS1230,2,45.4
SS1230,3,61.1
SS1230,4,76.9
SS1231,1,78.6
SS1231,2,70.0
SS1231,3,77.1
SS1231,4,77.0
SS1231,5,76.6
SS1231,6,78.0
SS1232,1,53.2
SS1232,2,68.1
SS1232,3,43.9
SS1233,1,59.0
SS1233,2,37.2
SS1233,3,66.8
SS1233,4,20.0
SS1234,1,93.2
SS1234,2,50.1
SS1234,3,55.8
SS1234,4,75.3
SS1234,5,79.4
SS1235,1,69.8
SS1235,2,85.1
SS1235,3,63.1
SS1236,1,61.9
SS1236,2,63.2
SS1236,3,60.1
SS1236,4,42.0
SS1236,5,66.8
SS1236,6,65.6
SS1237,1,82.9
SS1237,2,52.2
SS1237,3,60.6
SS1237,4,84.5
SS1237,5,72.7
SS1238,1,69.7
SS1238,2,68.5
SS1238,3,68.6
SS1239,1,100.0
SS1239,2,86.4
SS1239,3,72.1
SS1240,1,62.6
SS1240,2,46.9
SS1240,3,52.9
SS1240,4,59.1
SS1240,5,43.6
SS1241,1,51.8
SS1241,2,64.6
SS1241,3,51.3
SS1241,4,71.1
SS1241,5,45.6
SS1241,6,45.5
SS1242,1,90.9
SS1242,2,46.2
SS1242,3,65.8
SS1242,4,90.2
SS1242,5,65.7
SS1242,6,83.6
SS1243,1,85.9
SS1243,2,77.3
SS1243,3,75.7
SS1243,4,49.8
SS1243,5,73.3
SS1243,6,80.4
SS1244,1,49.5
SS1244,2,78.6
SS1244,3,50.2
SS1245,1,57.2
SS1245,2,64.1
SS1245,3,56.0
SS1245,4,47.9
SS1245,5,47.9
SS1246,1,34.9
SS1246,2,45.3
SS1246,3,37.3
SS1247,1,74.5
SS1247,2,53.3
SS1247,3,68.3
SS1248,1,71.7
SS1248,2,48.6
SS1248,3,75.5
SS1248,4,53.6
SS1248,5,50.8
SS1249,1,62.5
SS1249,2,57.0
SS1249,3,35.3
SS1249,4,72.4
SS1250,1,100.0
SS1250,2,80.8
SS1250,3,81.6
SS1250,4,72.2
SS1250,5,89.7
SS1251,1,57.2
SS1251,2,61.2
SS1251,3,37.4
SS1251,4,50.8
SS1251,5,62.5
SS1251,6,69.5
SS1252,1,81.2
SS1252,2,48.5
SS1252,3,49.8
SS1253,1,69.7
SS1253,2,52.4
SS1253,3,73.7
SS1253,4,40.9
SS1253,5,60.8
SS1254,1,74.3
SS1254,2,80.9
SS1254,3,61.3
SS1254,4,49.1
SS1254,5,76.9
SS1254,6,81.5
SS1255,1,85.3
SS1255,2,67.5
SS1255,3,82.3
SS1255,4,78.5
SS1256,1,74.2
SS1256,2,56.3
SS1256,3,34.5
SS1256,4,56.1
SS1256,5,58.1
SS1257,1,70.5
SS1257,2,43.9
SS1257,3,59.7
SS1257,4,75.1
SS1258,1,78.2
SS1258,2,75.6
SS1258,3,100.0
SS1258,4,65.7
SS1258,5,95.6
SS1258,6,92.9
SS1259,1,68.2
SS1259,2,70.7
SS1259,3,70.6
SS1260,1,50.2
SS1260,2,40.1
SS1260,3,42.2
SS1260,4,43.2
SS1260,5,43.6
SS1260,6,43.8
SS1261,1,45.4
SS1261,2,75.8
SS1261,3,67.6
SS1261,4,50.2
SS1261,5,69.9
SS1261,6,69.5
SS1262,1,68.5
SS1262,2,44.9
SS1262,3,60.6
SS1262,4,69.9
SS1262,5,43.7
SS1262,6,51.3
SS1263,1,100.0
SS1263,2,87.4
SS1263,3,89.3
SS1263,4,79.1
SS1264,1,88.2
SS1264,2,78.8
SS1264,3,55.5
SS1264,4,74.7
SS1264,5,63.9
SS1265,1,71.3
SS1265,2,57.9
SS1265,3,76.0
SS1265,4,70.4
SS1266,1,51.8
SS1266,2,61.6
SS1266,3,76.1
SS1266,4,82.9
SS1267,1,51.6
SS1267,2,49.0
SS1267,3,88.7
SS1267,4,63.2
SS1267,5,64.5
SS1267,6,53.7
SS1268,1,77.6
SS1268,2,97.1
SS1268,3,78.1
SS1268,4,88.6
SS1268,5,75.2
SS1269,1,47.9
SS1269,2,52.3
SS1269,3,46.7
SS1269,4,64.0
SS1269,5,77.1
SS1270,1,71.2
SS1270,2,65.1
SS1270,3,58.8
SS1271,1,81.9
SS1271,2,61.2
SS1271,3,62.6
SS1271,4,89.0
SS1271,5,73.7
SS1271,6,73.4
SS1272,1,56.5
SS1272,2,68.1
SS1272,3,60.9
SS1272,4,49.0
SS1272,5,49.5
SS1273,1,55.5
SS1273,2,61.9
SS1273,3,57.5
SS1273,4,56.4
SS1273,5,58.6
SS1273,6,57.5
SS1274,1,40.4
SS1274,2,64.9
SS1274,3,44.2
SS1275,1,53.9
SS1275,2,25.4
SS1275,3,49.4
SS1275,4,37.9
SS1275,5,39.5
SS1276,1,73.7
SS1276,2,45.4
SS1276,3,58.1
SS1276,4,53.3
SS1276,5,55.0
SS1277,1,72.9
SS1277,2,96.4
SS1277,3,86.5
SS1277,4,76.0
SS1277,5,78.9
SS1278,1,87.7
SS1278,2,90.2
SS1278,3,88.9
SS1279,1,89.5
SS1279,2,100.0
SS1279,3,68.8
SS1279,4,99.4
SS1280,1,40.1
SS1280,2,61.4
SS1280,3,40.6
SS1280,4,50.3
SS1281,1,73.3
SS1281,2,52.9
SS1281,3,98.0
SS1281,4,63.1
SS1281,5,76.5
SS1282,1,70.8
SS1282,2,67.1
SS1282,3,81.8
SS1283,1,52.4
SS1283,2,44.9
SS1283,3,59.6
SS1283,4,40.8
SS1284,1,68.9
SS1284,2,65.6
SS1284,3,35.1
SS1284,4,60.5
SS1284,5,73.4
SS1285,1,26.1
SS1285,2,46.6
SS1285,3,45.5
SS1286,1,56.3
SS1286,2,69.3
SS1286,3,80.2
SS1286,4,58.1
SS1286,5,66.8
SS1286,6,84.5
SS1287,1,41.1
SS1287,2,58.2
SS1287,3,38.2
SS1287,4,50.1
SS1287,5,58.0
SS1288,1,37.3
SS1288,2,61.7
SS1288,3,74.2
SS1289,1,48.6
SS1289,2,38.9
SS1289,3,31.3
SS1290,1,81.3
SS1290,2,68.9
SS1290,3,80.2
SS1290,4,78.0
SS1290,5,67.3
SS1290,6,87.0
SS1291,1,71.6
SS1291,2,94.8
SS1291,3,96.5
SS1291,4,93.0
SS1292,1,53.5
SS1292,2,88.9
SS1292,3,57.8
SS1292,4,58.9
SS1292,5,55.5
SS1292,6,41.1
SS1293,1,68.0
SS1293,2,43.8
SS1293,3,63.2
SS1293,4,66.3
SS1294,1,45.8
SS1294,2,29.0
SS1294,3,33.6
SS1294,4,20.0
SS1295,1,61.0
SS1295,2,72.9
SS1295,3,59.4
SS1295,4,54.8
SS1296,1,54.5
SS1296,2,74.2
SS1296,3,57.7
SS1296,4,82.6
SS1296,5,51.0
SS1297,1,48.6
SS1297,2,40.2
SS1297,3,72.8
SS1298,1,74.2
SS1298,2,99.6
SS1298,3,66.4
SS1298,4,91.8
SS1299,1,61.7
SS1299,2,71.1
SS1299,3,44.3
SS1299,4,64.7
SS1300,1,38.1
SS1300,2,55.3
SS1300,3,32.3
SS1301,1,57.6
SS1301,2,73.0
SS1301,3,65.9
SS1301,4,42.8
SS1302,1,55.2
SS1302,2,86.4
SS1302,3,100.0
SS1302,4,67.4
SS1302,5,100.0
SS1303,1,73.7
SS1303,2,48.3
SS1303,3,53.5
SS1303,4,83.8
SS1303,5,75.5
SS1304,1,83.6
SS1304,2,48.7
SS1304,3,65.8
SS1305,1,74.1
SS1305,2,72.1
SS1305,3,69.0
SS1305,4,69.3
SS1305,5,76.3
SS1305,6,77.9
SS1306,1,54.2
SS1306,2,66.6
SS1306,3,35.3
SS1306,4,27.3
SS1306,5,64.1
SS1306,6,38.6
SS1307,1,61.5
SS1307,2,58.4
SS1307,3,58.2
SS1307,4,47.4
SS1307,5,59.0
SS1308,1,76.3
SS1308,2,67.8
SS1308,3,74.5
SS1308,4,61.5
SS1308,5,79.6
SS1308,6,61.3
SS1309,1,32.5
SS1309,2,64.0
SS1309,3,69.9
SS1309,4,52.6
SS1310,1,87.3
SS1310,2,60.6
SS1310,3,80.4
SS1310,4,94.4
SS1310,5,72.2
SS1310,6,68.8
SS1311,1,54.5
SS1311,2,77.1
SS1311,3,61.1
SS1311,4,83.8
SS1311,5,59.5
SS1312,1,64.1
SS1312,2,65.0
SS1312,3,73.4
SS1312,4,46.1
SS1312,5,66.4
SS1313,1,67.3
SS1313,2,76.3
SS1313,3,98.4
SS1314,1,28.8
SS1314,2,20.0
SS1314,3,20.0
SS1314,4,31.5
SS1314,5,29.3
SS1315,1,100.0
SS1315,2,94.0
SS1315,3,93.6
SS1315,4,78.7
SS1315,5,95.8
SS1315,6,69.9
SS1316,1,39.0
SS1316,2,22.7
SS1316,3,20.0
SS1316,4,34.1
SS1316,5,44.6
SS1316,6,21.1
SS1317,1,78.3
SS1317,2,36.5
SS1317,3,42.4
SS1317,4,56.1
SS1318,1,74.5
SS1318,2,70.6
SS1318,3,81.0
SS1319,1,55.0
SS1319,2,57.2
SS1319,3,65.5
SS1319,4,53.2
SS1319,5,60.5
SS1320,1,38.5
SS1320,2,31.2
SS1320,3,56.8
SS1321,1,74.0
SS1321,2,65.6
SS1321,3,56.1
SS1322,1,71.0
SS1322,2,75.6
SS1322,3,93.0
SS1322,4,49.6
SS1322,5,74.6
SS1323,1,50.5
SS1323,2,26.2
SS1323,3,46.5
SS1323,4,45.9
SS1323,5,22.1
SS1323,6,42.1
SS1324,1,72.7
SS1324,2,86.1
SS1324,3,89.4
SS1324,4,85.9
SS1325,1,66.2
SS1325,2,69.1
SS1325,3,50.0
SS1325,4,64.9
SS1326,1,40.1
SS1326,2,63.9
SS1326,3,59.4
SS1326,4,59.3
SS1327,1,80.7
SS1327,2,54.1
SS1327,3,51.3
SS1327,4,53.8
SS1328,1,32.0
SS1328,2,33.0
SS1328,3,60.9
SS1329,1,59.2
SS1329,2,63.3
SS1329,3,76.0
SS1329,4,71.9
SS1329,5,88.8
SS1330,1,76.3
SS1330,2,65.1
SS1330,3,88.1
SS1330,4,85.0
SS1330,5,57.2
SS1331,1,47.0
SS1331,2,34.4
SS1331,3,34.1
SS1331,4,68.0
SS1332,1,62.4
SS1332,2,58.0
SS1332,3,61.9
SS1332,4,72.2
SS1333,1,45.7
SS1333,2,47.9
SS1333,3,63.3
SS1333,4,35.1
SS1333,5,67.7
SS1333,6,33.9
SS1334,1,79.6
SS1334,2,62.0
SS1334,3,69.1
SS1335,1,65.3
SS1335,2,62.0
SS1335,3,63.4
SS1336,1,68.1
SS1336,2,73.2
SS1336,3,91.3
SS1337,1,74.9
SS1337,2,55.2
SS1337,3,58.1
SS1337,4,50.9
SS1337,5,87.2
SS1337,6,59.4
SS1338,1,51.3
SS1338,2,52.0
SS1338,3,65.3
SS1338,4,38.5
SS1339,1,72.4
SS1339,2,40.6
SS1339,3,72.4
SS1340,1,33.3
SS1340,2,54.2
SS1340,3,76.7
SS1340,4,64.7
SS1340,5,61.1
SS1340,6,42.0
SS1341,1,39.8
SS1341,2,66.9
SS1341,3,55.5
SS1342,1,78.8
SS1342,2,68.2
SS1342,3,63.5
SS1342,4,77.2
SS1343,1,53.4
SS1343,2,47.8
SS1343,3,31.6
SS1344,1,50.1
SS1344,2,43.4
SS1344,3,29.8
SS1344,4,53.0
SS1344,5,40.9
SS1345,1,64.5
SS1345,2,72.6
SS1345,3,69.8
SS1345,4,64.9
SS1345,5,58.6
SS1346,1,68.4
SS1346,2,33.1
SS1346,3,52.3
SS1346,4,41.5
SS1346,5,48.5
SS1346,6,58.6
SS1347,1,52.1
SS1347,2,64.0
SS1347,3,59.7
SS1347,4,47.9
SS1348,1,70.6
SS1348,2,63.4
SS1348,3,48.6
SS1348,4,68.5
SS1349,1,43.9
SS1349,2,54.3
SS1349,3,49.1
SS1349,4,64.5
SS1349,5,48.5
SS1349,6,64.6
SS1350,1,99.7
SS1350,2,87.1
SS1350,3,100.0
SS1350,4,82.3
SS1350,5,73.7
SS1350,6,100.0
SS1351,1,38.8
SS1351,2,86.1
SS1351,3,68.0
SS1352,1,50.6
SS1352,2,56.9
SS1352,3,48.0
SS1352,4,74.2
SS1352,5,52.0
SS1353,1,49.4
SS1353,2,38.9
SS1353,3,36.7
SS1353,4,49.5
SS1353,5,51.0
SS1353,6,57.8
SS1354,1,49.3
SS1354,2,57.1
SS1354,3,49.2
SS1354,4,59.6
SS1354,5,47.4
SS1355,1,63.3
SS1355,2,63.4
SS1355,3,72.6
SS1355,4,68.8
SS1355,5,75.4
SS1356,1,51.3
SS1356,2,45.2
SS1356,3,55.2
SS1357,1,65.9
SS1357,2,85.2
SS1357,3,74.1
SS1358,1,53.1
SS1358,2,53.3
SS1358,3,71.2
SS1359,1,67.3
SS1359,2,63.3
SS1359,3,53.3
SS1360,1,68.8
SS1360,2,54.9
SS1360,3,38.6
SS1360,4,55.9
SS1360,5,60.9
SS1360,6,47.8
SS1361,1,66.6
SS1361,2,67.2
SS1361,3,67.4
SS1361,4,84.2
SS1361,5,51.0
SS1362,1,84.1
SS1362,2,57.3
SS1362,3,65.2
SS1362,4,59.4
SS1362,5,35.3
SS1362,6,44.0
SS1363,1,55.7
SS1363,2,75.4
SS1363,3,44.5
SS1363,4,51.4
SS1364,1,65.0
SS1364,2,69.0
SS1364,3,68.7
SS1364,4,50.1
SS1364,5,42.1
SS1364,6,69.9
SS1365,1,75.1
SS1365,2,52.0
SS1365,3,41.6
SS1366,1,66.7
SS1366,2,77.4
SS1366,3,69.3
SS1366,4,90.6
SS1366,5,84.3
SS1366,6,74.7
SS1367,1,43.7
SS1367,2,60.1
SS1367,3,62.0
SS1368,1,55.1
SS1368,2,67.3
SS1368,3,67.5
SS1369,1,38.6
SS1369,2,70.9
SS1369,3,60.6
SS1370,1,81.0
SS1370,2,86.1
SS1370,3,66.4
SS1370,4,92.8
SS1370,5,74.6
SS1370,6,96.1
SS1371,1,51.3
SS1371,2,81.6
SS1371,3,51.1
SS1371,4,96.0
SS1372,1,49.6
SS1372,2,75.7
SS1372,3,57.3
SS1372,4,71.3
SS1373,1,66.9
SS1373,2,53.2
SS1373,3,31.0
SS1373,4,100.0
SS1374,1,89.0
SS1374,2,49.8
SS1374,3,92.0
SS1374,4,97.1
SS1374,5,78.8
SS1374,6,78.9
SS1375,1,48.3
SS1375,2,64.2
SS1375,3,49.9
SS1375,4,67.6
SS1376,1,90.7
SS1376,2,73.0
SS1376,3,55.6
SS1377,1,38.5
SS1377,2,48.2
SS1377,3,42.2
SS1377,4,49.6
SS1378,1,80.0
SS1378,2,75.7
SS1378,3,65.2
SS1378,4,75.6
SS1379,1,100.0
SS1379,2,67.1
SS1379,3,92.8
SS1379,4,100.0
SS1379,5,71.2
SS1380,1,85.4
SS1380,2,87.2
SS1380,3,53.2
SS1380,4,81.7
SS1380,5,68.9
SS1380,6,71.6
SS1381,1,64.0
SS1381,2,85.3
SS1381,3,66.7
SS1382,1,52.7
SS1382,2,52.9
SS1382,3,54.3
SS1382,4,44.7
SS1382,5,52.6
SS1382,6,60.2
SS1383,1,71.7
SS1383,2,82.1
SS1383,3,69.5
SS1384,1,56.5
SS1384,2,49.6
SS1384,3,66.5
SS1384,4,61.2
SS1384,5,61.6
SS1385,1,59.2
SS1385,2,62.6
SS1385,3,59.3
SS1385,4,53.6
SS1386,1,51.8
SS1386,2,54.2
SS1386,3,73.2
SS1386,4,56.7
SS1387,1,51.1
SS1387,2,83.7
SS1387,3,56.3
SS1387,4,69.1
SS1388,1,62.4
SS1388,2,56.0
SS1388,3,23.8
SS1388,4,61.1
SS1389,1,72.7
SS1389,2,65.7
SS1389,3,27.9
SS1389,4,83.2
SS1389,5,38.3
SS1389,6,41.5
SS1390,1,58.5
SS1390,2,54.2
SS1390,3,49.3
SS1390,4,40.9
SS1390,5,65.6
SS1390,6,47.8
SS1391,1,50.7
SS1391,2,87.1
SS1391,3,74.0
SS1391,4,85.6
SS1391,5,78.5
SS1391,6,100.0
SS1392,1,69.1
SS1392,2,73.3
SS1392,3,82.5
SS1392,4,69.2
SS1393,1,79.4
SS1393,2,30.7
SS1393,3,68.1
SS1393,4,67.7
SS1393,5,67.2
SS1394,1,67.1
SS1394,2,90.3
SS1394,3,71.9
SS1394,4,81.1
SS1395,1,66.6
SS1395,2,73.6
SS1395,3,85.7
SS1395,4,69.6
SS1395,5,78.0
SS1395,6,69.0
SS1396,1,64.5
SS1396,2,69.3
SS1396,3,67.4
SS1396,4,78.5
SS1396,5,72.5
SS1397,1,59.6
SS1397,2,67.0
SS1397,3,50.1
SS1397,4,67.5
SS1398,1,64.8
SS1398,2,88.3
SS1398,3,82.3
SS1398,4,51.4
SS1399,1,61.7
SS1399,2,62.0
SS1399,3,56.1
SS1399,4,56.9
SS1400,1,90.2
SS1400,2,100.0
SS1400,3,89.4
SS1400,4,99.2
SS1400,5,61.9
SS1401,1,70.8
SS1401,2,75.5
SS1401,3,46.4
SS1401,4,53.4
SS1401,5,66.0
SS1402,1,57.6
SS1402,2,63.4
SS1402,3,53.6
SS1402,4,81.5
SS1403,1,62.9
SS1403,2,100.0
SS1403,3,87.7
SS1403,4,82.4
SS1403,5,58.1
SS1403,6,83.4
SS1404,1,77.2
SS1404,2,41.7
SS1404,3,51.0
SS1404,4,73.9
SS1404,5,67.6
SS1404,6,62.6
SS1405,1,61.7
SS1405,2,36.2
SS1405,3,41.8
SS1405,4,39.3
SS1406,1,87.2
SS1406,2,58.2
SS1406,3,74.1
SS1406,4,58.2
SS1406,5,76.5
SS1406,6,90.0
SS1407,1,74.4
SS1407,2,55.3
SS1407,3,71.7
SS1408,1,49.2
SS1408,2,69.3
SS1408,3,49.9
SS1408,4,20.0
SS1408,5,63.2
SS1408,6,45.6
SS1409,1,77.9
SS1409,2,85.9
SS1409,3,63.0
SS1409,4,82.5
SS1410,1,81.0
SS1410,2,78.8
SS1410,3,66.3
SS1410,4,87.0
SS1410,5,61.1
SS1411,1,41.5
SS1411,2,47.8
SS1411,3,53.4
SS1411,4,45.4
SS1412,1,100.0
SS1412,2,92.9
SS1412,3,90.1
SS1412,4,92.5
SS1413,1,84.1
SS1413,2,77.7
SS1413,3,51.1
SS1413,4,88.8
SS1414,1,67.5
SS1414,2,74.8
SS1414,3,60.6
SS1414,4,42.2
SS1414,5,36.3
SS1415,1,74.4
SS1415,2,93.4
SS1415,3,100.0
SS1416,1,72.0
SS1416,2,54.4
SS1416,3,57.9
SS1416,4,85.8
SS1416,5,51.1
SS1416,6,95.4
SS1417,1,90.0
SS1417,2,93.4
SS1417,3,70.5
SS1417,4,61.2
SS1417,5,70.2
SS1417,6,77.4
SS1418,1,48.9
SS1418,2,43.1
SS1418,3,53.7
SS1418,4,47.4
SS1418,5,73.5
SS1419,1,65.6
SS1419,2,74.8
SS1419,3,86.4
SS1419,4,90.2
SS1419,5,76.3
SS1420,1,77.2
SS1420,2,59.0
SS1420,3,85.5
SS1420,4,88.6
SS1420,5,47.9
SS1421,1,89.1
SS1421,2,57.1
SS1421,3,73.9
SS1422,1,56.7
SS1422,2,54.9
SS1422,3,53.0
SS1422,4,42.8
SS1422,5,62.5
SS1423,1,64.0
SS1423,2,50.7
SS1423,3,54.2
SS1424,1,48.3
SS1424,2,58.3
SS1424,3,71.4
SS1424,4,55.9
SS1424,5,77.8
SS1425,1,47.2
SS1425,2,44.9
SS1425,3,48.9
SS1425,4,66.8
SS1426,1,29.1
SS1426,2,68.4
SS1426,3,59.4
SS1426,4,46.6
SS1426,5,62.3
SS1427,1,69.1
SS1427,2,77.0
SS1427,3,66.3
SS1427,4,85.9
SS1427,5,64.1
SS1427,6,72.6
SS1428,1,41.0
SS1428,2,45.8
SS1428,3,21.5
SS1429,1,78.5
SS1429,2,55.9
SS1429,3,40.7
SS1429,4,59.0
SS1429,5,79.6
SS1430,1,59.6
SS1430,2,52.8
SS1430,3,60.5
SS1430,4,60.1
SS1431,1,91.1
SS1431,2,62.0
SS1431,3,81.7
SS1431,4,84.6
SS1432,1,41.9
SS1432,2,41.7
SS1432,3,54.9
SS1432,4,59.7
SS1432,5,59.8
SS1433,1,67.4
SS1433,2,66.8
SS1433,3,69.5
SS1433,4,78.5
SS1433,5,90.8
SS1433,6,45.7
SS1434,1,68.9
SS1434,2,59.4
SS1434,3,67.6
SS1435,1,82.9
SS1435,2,57.7
SS1435,3,79.8
SS1435,4,51.2
SS1435,5,69.2
SS1435,6,64.3
SS1436,1,76.2
SS1436,2,62.7
SS1436,3,81.3
SS1436,4,96.2
SS1436,5,63.0
SS1436,6,78.1
SS1437,1,71.1
SS1437,2,56.1
SS1437,3,77.7
SS1437,4,54.4
SS1437,5,58.5
SS1438,1,66.1
SS1438,2,80.6
SS1438,3,79.0
SS1438,4,87.3
SS1438,5,70.7
SS1439,1,44.2
SS1439,2,59.1
SS1439,3,71.3
SS1439,4,61.3
SS1440,1,93.8
SS1440,2,77.0
SS1440,3,76.6
SS1441,1,86.8
SS1441,2,97.3
SS1441,3,94.1
SS1441,4,63.9
SS1441,5,88.4
SS1442,1,78.0
SS1442,2,72.1
SS1442,3,51.6
SS1442,4,54.6
SS1442,5,69.9
SS1442,6,55.6
SS1443,1,86.4
SS1443,2,100.0
SS1443,3,83.3
SS1444,1,57.2
SS1444,2,42.2
SS1444,3,60.0
SS1444,4,62.7
SS1444,5,37.6
SS1445,1,38.3
SS1445,2,31.6
SS1445,3,54.7
SS1445,4,50.2
SS1445,5,47.5
SS1446,1,51.4
SS1446,2,57.3
SS1446,3,57.6
SS1446,4,46.7
SS1446,5,44.8
SS1446,6,52.3
SS1447,1,72.1
SS1447,2,100.0
SS1447,3,69.6
SS1447,4,78.4
SS1448,1,78.6
SS1448,2,90.7
SS1448,3,62.0
SS1448,4,89.9
SS1449,1,65.4
SS1449,2,99.8
SS1449,3,72.0
SS1449,4,51.3
SS1450,1,48.8
SS1450,2,68.8
SS1450,3,52.5
SS1450,4,50.6
SS1450,5,60.7
SS1450,6,46.9
SS1451,1,73.3
SS1451,2,63.7
SS1451,3,98.5
SS1451,4,60.1
SS1451,5,78.2
SS1451,6,82.2
SS1452,1,49.9
SS1452,2,33.8
SS1452,3,37.1
SS1452,4,56.9
SS1453,1,71.0
SS1453,2,54.2
SS1453,3,86.1
SS1453,4,69.8
SS1453,5,89.3
SS1453,6,78.5
SS1454,1,91.8
SS1454,2,95.7
SS1454,3,80.2
SS1454,4,84.3
SS1454,5,91.6
SS1455,1,55.9
SS1455,2,80.1
SS1455,3,66.8
SS1455,4,52.0
SS1456,1,66.3
SS1456,2,74.9
SS1456,3,67.8
SS1457,1,64.8
SS1457,2,67.1
SS1457,3,90.8
SS1457,4,74.6
SS1457,5,38.3
SS1458,1,37.8
SS1458,2,39.0
SS1458,3,50.0
SS1458,4,30.4
SS1458,5,35.6
SS1459,1,42.0
SS1459,2,50.4
SS1459,3,50.9
SS1459,4,54.1
SS1459,5,42.8
SS1459,6,71.0
SS1460,1,57.9
SS1460,2,33.0
SS1460,3,52.1
SS1460,4,31.5
SS1460,5,69.2
SS1461,1,68.2
SS1461,2,46.5
SS1461,3,36.1
SS1462,1,79.8
SS1462,2,82.5
SS1462,3,87.0
SS1462,4,100.0
SS1462,5,100.0
SS1463,1,82.1
SS1463,2,71.7
SS1463,3,54.5
SS1463,4,59.5
SS1463,5,70.3
SS1464,1,55.3
SS1464,2,74.9
SS1464,3,81.4
SS1464,4,78.0
SS1465,1,68.6
SS1465,2,37.7
SS1465,3,79.3
SS1465,4,41.6
SS1466,1,61.8
SS1466,2,71.8
SS1466,3,68.5
SS1466,4,47.2
SS1466,5,49.5
SS1466,6,67.5
SS1467,1,85.1
SS1467,2,64.1
SS1467,3,83.6
SS1467,4,58.8
SS1467,5,86.6
SS1468,1,54.1
SS1468,2,66.6
SS1468,3,64.5
SS1468,4,80.7
SS1468,5,68.7
SS1469,1,65.1
SS1469,2,77.6
SS1469,3,100.0
SS1469,4,82.5
SS1470,1,62.7
SS1470,2,52.7
SS1470,3,55.5
SS1470,4,72.3
SS1471,1,50.1
SS1471,2,61.6
SS1471,3,80.3
SS1471,4,63.6
SS1471,5,47.6
SS1472,1,76.0
SS1472,2,70.6
SS1472,3,54.2
SS1472,4,64.3
SS1472,5,44.2
SS1472,6,57.1
SS1473,1,34.8
SS1473,2,22.7
SS1473,3,74.0
SS1473,4,22.0
SS1473,5,44.2
SS1474,1,66.3
SS1474,2,69.3
SS1474,3,61.4
SS1474,4,61.6
SS1474,5,64.4
SS1475,1,72.9
SS1475,2,66.7
SS1475,3,65.8
SS1476,1,32.1
SS1476,2,75.5
SS1476,3,56.3
SS1476,4,52.0
SS1476,5,41.2
SS1476,6,36.3
SS1477,1,76.8
SS1477,2,63.5
SS1477,3,73.7
SS1478,1,49.1
SS1478,2,86.8
SS1478,3,78.4
SS1478,4,65.6
SS1478,5,72.8
SS1478,6,76.3
SS1479,1,20.6
SS1479,2,59.8
SS1479,3,44.3
SS1479,4,28.8
SS1480,1,39.8
SS1480,2,66.9
SS1480,3,56.8
SS1480,4,60.4
SS1480,5,54.4
SS1480,6,41.1
SS1481,1,77.9
SS1481,2,68.7
SS1481,3,71.0
SS1481,4,100.0
SS1481,5,82.6
SS1481,6,83.3
SS1482,1,100.0
SS1482,2,76.0
SS1482,3,72.6
SS1482,4,62.2
SS1482,5,65.1
SS1482,6,44.4
SS1483,1,61.3
SS1483,2,34.5
SS1483,3,62.7
SS1483,4,50.4
SS1483,5,52.7
SS1483,6,50.4
SS1484,1,86.1
SS1484,2,83.8
SS1484,3,67.7
SS1484,4,56.4
SS1484,5,80.1
SS1485,1,66.6
SS1485,2,59.1
SS1485,3,85.8
SS1485,4,95.1
SS1485,5,74.0
SS1485,6,84.6
SS1486,1,70.7
SS1486,2,85.5
SS1486,3,90.3
SS1487,1,61.4
SS1487,2,51.4
SS1487,3,45.9
SS1488,1,71.9
SS1488,2,45.1
SS1488,3,64.7
SS1488,4,70.0
SS1488,5,53.4
SS1489,1,55.6
SS1489,2,70.8
SS1489,3,47.3
SS1489,4,46.0
SS1489,5,54.8
SS1489,6,74.4
SS1490,1,93.0
SS1490,2,70.8
SS1490,3,62.8
SS1490,4,85.9
SS1490,5,50.4
SS1490,6,75.3
SS1491,1,67.9
SS1491,2,85.3
SS1491,3,86.6
SS1491,4,56.2
SS1491,5,70.7
SS1492,1,66.8
SS1492,2,70.4
SS1492,3,82.2
SS1492,4,69.8
SS1492,5,76.7
SS1493,1,80.1
SS1493,2,87.4
SS1493,3,71.5
SS1493,4,69.2
SS1493,5,53.3
SS1494,1,97.2
SS1494,2,83.0
SS1494,3,78.4
SS1494,4,77.7
SS1494,5,81.3
SS1494,6,86.6
SS1495,1,78.8
SS1495,2,88.1
SS1495,3,70.4
SS1495,4,90.0
SS1495,5,81.0
SS1495,6,66.4
SS1496,1,54.5
SS1496,2,77.3
SS1496,3,96.5
SS1497,1,67.2
SS1497,2,78.4
SS1497,3,79.4
SS1497,4,89.5
SS1497,5,72.3
SS1498,1,44.2
SS1498,2,62.9
SS1498,3,45.8
SS1498,4,31.6
SS1499,1,66.4
SS1499,2,54.6
SS1499,3,67.0
SS1499,4,53.9
SS1499,5,51.3
SS1499,6,47.3
SS1500,1,83.7
SS1500,2,92.8
SS1500,3,78.9
SS1500,4,72.2
SS1500,5,81.8
SS1501,1,86.1
SS1501,2,53.3
SS1501,3,53.5
SS1501,4,77.0
SS1501,5,63.9
SS1501,6,75.6
SS1502,1,56.6
SS1502,2,49.7
SS1502,3,35.5
SS1502,4,60.4
SS1503,1,66.3
SS1503,2,57.0
SS1503,3,56.4
SS1503,4,61.6
SS1503,5,52.6
SS1504,1,54.8
SS1504,2,85.8
SS1504,3,85.0
SS1505,1,32.5
SS1505,2,69.0
SS1505,3,85.2
SS1505,4,47.7
SS1505,5,61.4
SS1505,6,60.0
SS1506,1,80.9
SS1506,2,73.9
SS1506,3,47.9
SS1507,1,88.6
SS1507,2,100.0
SS1507,3,76.1
SS1507,4,84.1
SS1508,1,59.1
SS1508,2,44.5
SS1508,3,75.3
SS1508,4,46.3
SS1508,5,34.3
SS1508,6,45.6
SS1509,1,64.1
SS1509,2,45.2
SS1509,3,59.5
SS1509,4,62.9
SS1509,5,39.9
SS1509,6,48.3
SS1510,1,73.2
SS1510,2,77.8
SS1510,3,61.7
SS1510,4,70.7
SS1511,1,67.4
SS1511,2,80.6
SS1511,3,77.9
SS1511,4,66.2
SS1512,1,78.7
SS1512,2,67.1
SS1512,3,78.4
SS1513,1,83.9
SS1513,2,100.0
SS1513,3,73.4
SS1513,4,76.0
SS1513,5,69.4
SS1513,6,64.4
SS1514,1,62.7
SS1514,2,77.2
SS1514,3,78.2
SS1515,1,76.2
SS1515,2,68.6
SS1515,3,66.0
SS1516,1,50.7
SS1516,2,55.4
SS1516,3,45.8
SS1516,4,80.3
SS1517,1,90.7
SS1517,2,41.6
SS1517,3,70.6
SS1518,1,70.9
SS1518,2,70.1
SS1518,3,59.7
SS1519,1,82.1
SS1519,2,74.1
SS1519,3,82.2
SS1519,4,59.2
SS1519,5,50.8
SS1520,1,81.7
SS1520,2,63.5
SS1520,3,89.7
SS1520,4,48.4
SS1520,5,69.9
SS1521,1,65.2
SS1521,2,68.9
SS1521,3,76.6
SS1521,4,78.4
SS1522,1,74.9
SS1522,2,76.4
SS1522,3,64.4
SS1522,4,94.0
SS1522,5,84.6
SS1522,6,62.5
SS1523,1,53.7
SS1523,2,51.2
SS1523,3,60.2
SS1523,4,42.9
SS1523,5,45.2
SS1524,1,38.7
SS1524,2,61.7
SS1524,3,80.7
SS1525,1,63.6
SS1525,2,64.3
SS1525,3,69.2
SS1525,4,52.6
SS1525,5,65.9
SS1526,1,80.1
SS1526,2,72.5
SS1526,3,81.2
SS1526,4,84.9
SS1526,5,77.1
SS1527,1,85.4
SS1527,2,90.2
SS1527,3,100.0
SS1527,4,98.8
SS1527,5,97.1
SS1527,6,83.5
SS1528,1,58.0
SS1528,2,68.5
SS1528,3,59.4
SS1529,1,64.7
SS1529,2,67.8
SS1529,3,87.0
SS1530,1,88.6
SS1530,2,86.8
SS1530,3,85.6
SS1530,4,64.5
SS1531,1,70.8
SS1531,2,81.2
SS1531,3,63.9
SS1531,4,80.0
SS1532,1,100.0
SS1532,2,100.0
SS1532,3,95.7
SS1532,4,100.0
SS1532,5,76.0
SS1532,6,95.4
SS1533,1,70.4
SS1533,2,65.0
SS1533,3,75.3
SS1533,4,59.1
SS1533,5,54.0
SS1534,1,48.9
SS1534,2,66.7
SS1534,3,76.9
SS1534,4,80.1
SS1534,5,52.0
SS1535,1,70.9
SS1535,2,42.9
SS1535,3,54.0
SS1535,4,48.2
SS1535,5,61.0
SS1536,1,62.6
SS1536,2,70.2
SS1536,3,85.4
SS1536,4,66.6
SS1536,5,53.9
SS1536,6,67.4
SS1537,1,94.5
SS1537,2,77.7
SS1537,3,81.5
SS1537,4,48.5
SS1538,1,82.0
SS1538,2,73.5
SS1538,3,68.2
SS1539,1,69.8
SS1539,2,71.5
SS1539,3,62.0
SS1540,1,84.9
SS1540,2,80.1
SS1540,3,91.5
SS1540,4,85.4
SS1541,1,69.7
SS1541,2,77.5
SS1541,3,72.0
SS1541,4,64.7
SS1541,5,37.7
SS1542,1,68.4
SS1542,2,49.8
SS1542,3,60.6
SS1542,4,66.5
SS1543,1,100.0
SS1543,2,100.0
SS1543,3,83.0
SS1543,4,77.9
SS1544,1,75.3
SS1544,2,74.3
SS1544,3,55.5
SS1544,4,70.9
SS1545,1,64.4
SS1545,2,40.6
SS1545,3,43.7
SS1545,4,48.2
SS1545,5,53.8
SS1545,6,65.6
SS1546,1,52.8
SS1546,2,57.7
SS1546,3,86.2
SS1546,4,44.6
SS1546,5,48.5
SS1546,6,65.8
SS1547,1,66.5
SS1547,2,59.1
SS1547,3,77.2
SS1548,1,82.3
SS1548,2,52.5
SS1548,3,79.5
SS1549,1,53.9
SS1549,2,79.3
SS1549,3,73.8
SS1550,1,47.0
SS1550,2,85.3
SS1550,3,79.9
SS1550,4,63.5
SS1550,5,66.7
SS1550,6,85.8
SS1551,1,39.6
SS1551,2,71.0
SS1551,3,79.4
SS1551,4,64.0
SS1552,1,83.9
SS1552,2,76.8
SS1552,3,65.3
SS1552,4,65.0
SS1552,5,84.8
SS1552,6,67.2
SS1553,1,35.2
SS1553,2,56.6
SS1553,3,48.3
SS1553,4,39.4
SS1553,5,55.9
SS1554,1,62.0
SS1554,2,52.3
SS1554,3,38.1
SS1554,4,58.3
SS1554,5,65.5
SS1555,1,97.7
SS1555,2,87.6
SS1555,3,55.8
SS1555,4,80.1
SS1556,1,77.1
SS1556,2,58.8
SS1556,3,77.5
SS1556,4,98.7
SS1557,1,85.8
SS1557,2,57.1
SS1557,3,70.5
SS1558,1,61.9
SS1558,2,33.0
SS1558,3,33.5
SS1558,4,57.5
SS1558,5,57.7
SS1559,1,50.9
SS1559,2,79.8
SS1559,3,88.9
SS1559,4,72.0
SS1560,1,57.1
SS1560,2,63.7
SS1560,3,62.0
SS1560,4,34.6
SS1561,1,47.4
SS1561,2,54.1
SS1561,3,48.0
SS1562,1,72.8
SS1562,2,61.9
SS1562,3,39.3
SS1562,4,50.9
SS1562,5,68.4
SS1562,6,45.3
SS1563,1,94.0
SS1563,2,100.0
SS1563,3,98.7
SS1563,4,85.2
SS1563,5,99.2
SS1563,6,76.1
SS1564,1,100.0
SS1564,2,77.3
SS1564,3,89.1
SS1564,4,69.5
SS1565,1,80.4
SS1565,2,81.0
SS1565,3,61.8
SS1565,4,61.4
SS1565,5,71.2
SS1566,1,96.6
SS1566,2,58.4
SS1566,3,77.5
SS1566,4,99.2
SS1566,5,66.2
SS1566,6,98.5
SS1567,1,80.3
SS1567,2,83.1
SS1567,3,93.1
SS1567,4,100.0
SS1567,5,86.7
SS1568,1,21.3
SS1568,2,25.6
SS1568,3,55.9
SS1568,4,26.2
SS1568,5,59.2
SS1569,1,57.3
SS1569,2,56.0
SS1569,3,60.3
SS1569,4,46.0
SS1570,1,59.8
SS1570,2,42.5
SS1570,3,75.5
SS1570,4,44.6
SS1570,5,63.7
SS1571,1,41.4
SS1571,2,48.0
SS1571,3,50.0
SS1571,4,93.7
SS1571,5,54.7
SS1572,1,41.3
SS1572,2,46.2
SS1572,3,32.4
SS1572,4,49.9
SS1572,5,76.1
SS1573,1,66.5
SS1573,2,73.8
SS1573,3,50.3
SS1573,4,59.5
SS1573,5,64.8
SS1574,1,40.8
SS1574,2,55.4
SS1574,3,58.2
SS1574,4,57.3
SS1574,5,48.2
SS1575,1,84.6
SS1575,2,67.1
SS1575,3,65.9
SS1576,1,85.4
SS1576,2,52.3
SS1576,3,44.6
SS1576,4,55.4
SS1576,5,71.7
SS1576,6,83.4
SS1577,1,63.7
SS1577,2,95.9
SS1577,3,72.7
SS1577,4,70.8
SS1577,5,61.3
SS1577,6,97.7
SS1578,1,70.6
SS1578,2,55.3
SS1578,3,100.0
SS1579,1,78.9
SS1579,2,84.2
SS1579,3,95.7
SS1579,4,81.8
SS1580,1,73.8
SS1580,2,61.8
SS1580,3,70.6
SS1580,4,60.7
SS1580,5,60.8
SS1580,6,62.7
SS1581,1,88.4
SS1581,2,100.0
SS1581,3,100.0
SS1581,4,100.0
SS1582,1,77.3
SS1582,2,95.0
SS1582,3,82.7
SS1582,4,66.3
SS1582,5,74.9
SS1582,6,87.4
SS1583,1,29.5
SS1583,2,68.0
SS1583,3,31.7
SS1583,4,53.5
SS1583,5,41.9
SS1583,6,41.1
SS1584,1,36.1
SS1584,2,64.8
SS1584,3,36.3
SS1584,4,34.2
SS1584,5,68.1
SS1584,6,76.3
SS1585,1,34.7
SS1585,2,56.4
SS1585,3,53.8
SS1586,1,65.0
SS1586,2,83.6
SS1586,3,64.1
SS1586,4,72.9
SS1587,1,48.1
SS1587,2,48.7
SS1587,3,79.6
SS1587,4,71.6
SS1587,5,62.5
SS1588,1,84.7
SS1588,2,84.6
SS1588,3,65.6
SS1588,4,41.0
SS1588,5,58.4
SS1588,6,49.1
SS1589,1,93.3
SS1589,2,79.9
SS1589,3,76.5
SS1590,1,43.7
SS1590,2,75.3
SS1590,3,43.2
SS1590,4,68.9
SS1591,1,84.4
SS1591,2,66.0
SS1591,3,61.3
SS1592,1,53.0
SS1592,2,43.1
SS1592,3,56.3
SS1592,4,40.5
SS1592,5,52.5
SS1592,6,49.4
SS1593,1,52.9
SS1593,2,74.3
SS1593,3,55.6
SS1593,4,59.6
SS1593,5,44.9
SS1593,6,55.9
SS1594,1,62.9
SS1594,2,66.9
SS1594,3,74.9
SS1595,1,61.7
SS1595,2,63.0
SS1595,3,61.9
SS1596,1,35.3
SS1596,2,44.2
SS1596,3,37.2
SS1596,4,61.4
SS1597,1,98.5
SS1597,2,56.3
SS1597,3,67.5
SS1597,4,77.2
SS1597,5,60.2
SS1597,6,50.8
SS1598,1,88.8
SS1598,2,75.1
SS1598,3,70.3
SS1598,4,85.1
SS1599,1,73.2
SS1599,2,62.6
SS1599,3,50.5
SS1599,4,56.8
SS1600,1,71.1
SS1600,2,64.3
SS1600,3,53.0
SS1600,4,78.4
SS1601,1,57.0
SS1601,2,71.8
SS1601,3,61.9
SS1601,4,84.1
SS1601,5,68.8
SS1602,1,64.3
SS1602,2,61.4
SS1602,3,63.5
SS1602,4,54.3
SS1603,1,49.4
SS1603,2,71.2
SS1603,3,60.3
SS1604,1,66.9
SS1604,2,72.7
SS1604,3,74.6
SS1604,4,74.0
SS1604,5,96.5
SS1604,6,82.5
SS1605,1,100.0
SS1605,2,74.4
SS1605,3,90.3
SS1605,4,75.1
SS1606,1,54.9
SS1606,2,90.1
SS1606,3,52.2
SS1606,4,33.2
SS1607,1,50.9
SS1607,2,34.0
SS1607,3,47.7
SS1607,4,48.9
SS1607,5,60.6
SS1608,1,45.1
SS1608,2,87.2
SS1608,3,47.3
SS1608,4,70.0
SS1608,5,67.5
SS1609,1,84.6
SS1609,2,78.5
SS1609,3,89.3
SS1610,1,55.7
SS1610,2,54.4
SS1610,3,65.8
SS1611,1,89.7
SS1611,2,87.0
SS1611,3,80.5
SS1612,1,81.7
SS1612,2,78.2
SS1612,3,84.0
SS1612,4,100.0
SS1612,5,75.5
SS1612,6,74.0
SS1613,1,77.1
SS1613,2,87.9
SS1613,3,55.2
SS1613,4,81.0
SS1613,5,94.2
SS1614,1,82.3
SS1614,2,91.5
SS1614,3,100.0
SS1614,4,93.4
SS1614,5,60.0
SS1614,6,70.8
SS1615,1,51.4
SS1615,2,44.3
SS1615,3,56.0
SS1615,4,50.9
SS1615,5,69.9
SS1616,1,52.0
SS1616,2,63.5
SS1616,3,69.0
SS1616,4,70.6
SS1617,1,68.0
SS1617,2,34.8
SS1617,3,67.2
SS1617,4,64.1
SS1617,5,77.3
SS1618,1,74.1
SS1618,2,67.8
SS1618,3,68.8
SS1618,4,82.3
SS1618,5,79.7
SS1619,1,61.2
SS1619,2,85.5
SS1619,3,49.4
SS1619,4,42.2
SS1620,1,46.6
SS1620,2,41.8
SS1620,3,20.0
SS1620,4,38.2
SS1620,5,51.2
SS1620,6,45.9
SS1621,1,57.1
SS1621,2,67.8
SS1621,3,68.8
SS1621,4,76.5
SS1621,5,58.9
SS1621,6,78.6
SS1622,1,41.8
SS1622,2,49.5
SS1622,3,78.1
SS1622,4,42.7
SS1622,5,47.4
SS1622,6,39.7
SS1623,1,56.3
SS1623,2,68.9
SS1623,3,76.3
SS1623,4,66.9
SS1623,5,62.9
SS1623,6,50.9
SS1624,1,46.2
SS1624,2,35.6
SS1624,3,65.3
SS1624,4,66.2
SS1625,1,51.2
SS1625,2,57.4
SS1625,3,63.1
SS1626,1,70.3
SS1626,2,87.1
SS1626,3,55.7
SS1626,4,64.5
SS1627,1,61.9
SS1627,2,76.4
SS1627,3,49.4
SS1627,4,86.8
SS1627,5,75.3
SS1628,1,96.3
SS1628,2,73.0
SS1628,3,66.3
SS1628,4,82.0
SS1628,5,86.9
SS1628,6,64.2
SS1629,1,68.4
SS1629,2,70.7
SS1629,3,97.8
SS1629,4,100.0
SS1630,1,52.7
SS1630,2,66.1
SS1630,3,65.1
SS1630,4,94.6
SS1631,1,100.0
SS1631,2,77.8
SS1631,3,84.0
SS1631,4,83.6
SS1632,1,35.4
SS1632,2,61.1
SS1632,3,38.7
SS1632,4,49.8
SS1632,5,66.8
SS1632,6,53.1
SS1633,1,63.6
SS1633,2,66.2
SS1633,3,26.5
SS1634,1,58.3
SS1634,2,100.0
SS1634,3,100.0
SS1634,4,89.9
SS1635,1,59.1
SS1635,2,65.6
SS1635,3,65.4
SS1636,1,48.4
SS1636,2,64.8
SS1636,3,47.9
SS1636,4,55.6
SS1636,5,55.0
SS1636,6,41.2
SS1637,1,55.8
SS1637,2,94.5
SS1637,3,53.9
SS1637,4,70.3
SS1638,1,72.3
SS1638,2,64.1
SS1638,3,73.5
SS1639,1,58.6
SS1639,2,43.0
SS1639,3,61.3
SS1639,4,47.2
SS1640,1,84.6
SS1640,2,67.6
SS1640,3,52.9
SS1641,1,86.4
SS1641,2,70.0
SS1641,3,85.4
SS1641,4,79.1
SS1642,1,44.8
SS1642,2,44.6
SS1642,3,87.2
SS1642,4,56.7
SS1642,5,49.9
SS1642,6,47.6
SS1643,1,54.0
SS1643,2,39.6
SS1643,3,33.7
SS1643,4,47.5
SS1643,5,47.4
SS1644,1,72.9
SS1644,2,66.7
SS1644,3,73.2
SS1644,4,72.2
SS1644,5,70.4
SS1644,6,81.9
SS1645,1,100.0
SS1645,2,89.7
SS1645,3,97.6
SS1645,4,65.0
SS1645,5,94.2
SS1646,1,60.9
SS1646,2,70.7
SS1646,3,63.9
SS1646,4,53.4
SS1646,5,67.3
SS1646,6,64.2
SS1647,1,22.4
SS1647,2,43.8
SS1647,3,56.7
SS1647,4,49.0
SS1648,1,62.4
SS1648,2,46.5
SS1648,3,59.6
SS1648,4,55.0
SS1648,5,53.7
SS1648,6,47.5
SS1649,1,77.2
SS1649,2,69.8
SS1649,3,68.5
SS1650,1,100.0
SS1650,2,87.4
SS1650,3,96.8
SS1650,4,84.7
SS1651,1,47.9
SS1651,2,38.7
SS1651,3,55.6
SS1651,4,20.0
SS1651,5,56.0
SS1652,1,69.0
SS1652,2,62.1
SS1652,3,63.7
SS1652,4,48.6
SS1653,1,92.8
SS1653,2,70.4
SS1653,3,62.2
SS1653,4,81.9
SS1654,1,36.4
SS1654,2,30.3
SS1654,3,29.0
SS1655,1,79.3
SS1655,2,96.9
SS1655,3,85.5
SS1656,1,50.2
SS1656,2,61.7
SS1656,3,51.0
SS1656,4,55.8
SS1656,5,52.6
SS1657,1,78.0
SS1657,2,64.5
SS1657,3,55.5
SS1657,4,82.1
SS1657,5,89.9
SS1657,6,56.1
SS1658,1,71.5
SS1658,2,63.4
SS1658,3,80.7
SS1659,1,83.3
SS1659,2,100.0
SS1659,3,76.2
SS1659,4,100.0
SS1660,1,94.5
SS1660,2,80.1
SS1660,3,73.7
SS1660,4,74.4
SS1660,5,73.3
SS1660,6,87.9
SS1661,1,23.8
SS1661,2,33.0
SS1661,3,31.4
SS1661,4,20.0
SS1661,5,46.3
SS1661,6,48.9
SS1662,1,47.6
SS1662,2,69.2
SS1662,3,35.2
SS1663,1,68.1
SS1663,2,66.2
SS1663,3,68.9
SS1663,4,68.9
SS1663,5,66.8
SS1664,1,58.5
SS1664,2,62.1
SS1664,3,81.2
SS1665,1,64.7
SS1665,2,100.0
SS1665,3,63.9
SS1666,1,79.4
SS1666,2,83.7
SS1666,3,72.5
SS1667,1,91.9
SS1667,2,81.0
SS1667,3,71.2
SS1667,4,91.7
SS1667,5,60.7
SS1668,1,55.8
SS1668,2,70.5
SS1668,3,73.6
SS1669,1,46.2
SS1669,2,40.3
SS1669,3,38.7
SS1669,4,56.7
SS1670,1,63.2
SS1670,2,48.8
SS1670,3,48.0
SS1671,1,91.1
SS1671,2,62.1
SS1671,3,74.9
SS1671,4,89.0
SS1672,1,58.8
SS1672,2,42.0
SS1672,3,38.6
SS1672,4,76.1
SS1672,5,38.3
SS1673,1,67.0
SS1673,2,79.0
SS1673,3,71.4
SS1673,4,81.7
SS1674,1,58.7
SS1674,2,75.1
SS1674,3,86.6
SS1674,4,86.7
SS1675,1,60.2
SS1675,2,54.3
SS1675,3,70.4
SS1675,4,50.5
SS1675,5,84.3
SS1676,1,28.2
SS1676,2,20.0
SS1676,3,20.0
SS1676,4,20.0
SS1676,5,20.0
SS1677,1,55.8
SS1677,2,39.0
SS1677,3,54.6
SS1678,1,97.5
SS1678,2,100.0
SS1678,3,93.8
SS1678,4,100.0
SS1678,5,100.0
SS1678,6,93.9
SS1679,1,63.0
SS1679,2,51.7
SS1679,3,46.1
SS1679,4,75.6
SS1679,5,66.8
SS1679,6,67.8
SS1680,1,32.5
SS1680,2,61.3
SS1680,3,37.2
SS1680,4,29.8
SS1680,5,32.7
SS1681,1,100.0
SS1681,2,67.7
SS1681,3,72.3
SS1681,4,100.0
SS1681,5,94.3
SS1682,1,56.7
SS1682,2,52.1
SS1682,3,44.5
SS1682,4,67.5
SS1682,5,75.7
SS1683,1,100.0
SS1683,2,55.8
SS1683,3,63.2
SS1683,4,78.8
SS1684,1,100.0
SS1684,2,81.1
SS1684,3,74.4
SS1684,4,53.7
SS1685,1,44.4
SS1685,2,72.5
SS1685,3,70.7
SS1685,4,68.5
SS1686,1,65.8
SS1686,2,61.0
SS1686,3,58.0
SS1687,1,93.2
SS1687,2,63.6
SS1687,3,71.5
SS1687,4,74.6
SS1687,5,84.3
SS1687,6,64.0
SS1688,1,100.0
SS1688,2,87.5
SS1688,3,92.9
SS1688,4,100.0
SS1689,1,66.0
SS1689,2,88.0
SS1689,3,91.7
SS1689,4,82.6
SS1690,1,44.0
SS1690,2,73.1
SS1690,3,45.3
SS1690,4,48.2
SS1690,5,41.1
SS1690,6,47.5
SS1691,1,84.3
SS1691,2,68.2
SS1691,3,44.4
SS1691,4,78.5
SS1691,5,57.8
SS1692,1,90.4
SS1692,2,80.8
SS1692,3,93.1
SS1692,4,68.5
SS1692,5,73.8
SS1693,1,77.2
SS1693,2,62.3
SS1693,3,96.0
SS1694,1,39.4
SS1694,2,74.8
SS1694,3,66.0
SS1694,4,57.9
SS1695,1,85.6
SS1695,2,85.2
SS1695,3,75.9
SS1695,4,85.0
SS1695,5,90.6
SS1696,1,65.8
SS1696,2,82.6
SS1696,3,44.0
SS1696,4,53.0
SS1697,1,100.0
SS1697,2,89.6
SS1697,3,83.9
SS1698,1,55.5
SS1698,2,51.1
SS1698,3,43.3
SS1698,4,34.9
SS1698,5,30.6
SS1698,6,65.8
SS1699,1,53.9
SS1699,2,72.0
SS1699,3,53.8
SS1699,4,64.0
SS1700,1,60.4
SS1700,2,62.6
SS1700,3,63.2
SS1700,4,56.2
SS1700,5,46.0
SS1701,1,69.6
SS1701,2,80.3
SS1701,3,81.2
SS1701,4,52.4
SS1702,1,44.9
SS1702,2,47.2
SS1702,3,52.1
SS1702,4,53.7
SS1702,5,41.4
SS1703,1,20.0
SS1703,2,30.7
SS1703,3,20.0
SS1703,4,28.8
SS1703,5,20.0
SS1703,6,40.2
SS1704,1,73.9
SS1704,2,74.2
SS1704,3,55.8
SS1704,4,45.5
SS1704,5,49.7
SS1704,6,64.0
SS1705,1,49.4
SS1705,2,88.9
SS1705,3,66.5
SS1706,1,66.1
SS1706,2,36.4
SS1706,3,47.6
SS1706,4,34.8
SS1706,5,72.9
SS1707,1,89.1
SS1707,2,98.6
SS1707,3,92.0
SS1707,4,97.3
SS1707,5,86.8
SS1707,6,88.6
SS1708,1,65.0
SS1708,2,71.5
SS1708,3,71.8
SS1708,4,100.0
SS1708,5,88.1
SS1709,1,59.7
SS1709,2,80.9
SS1709,3,77.5
SS1710,1,86.0
SS1710,2,65.3
SS1710,3,75.4
SS1711,1,46.3
SS1711,2,57.0
SS1711,3,100.0
SS1712,1,70.3
SS1712,2,56.6
SS1712,3,72.8
SS1713,1,70.1
SS1713,2,80.1
SS1713,3,64.9
SS1713,4,73.5
SS1713,5,78.4
SS1713,6,98.4
SS1714,1,72.7
SS1714,2,75.0
SS1714,3,66.4
SS1714,4,77.4
SS1714,5,55.3
SS1714,6,57.2
SS1715,1,77.7
SS1715,2,68.8
SS1715,3,72.2
SS1715,4,70.3
SS1715,5,88.7
SS1716,1,87.8
SS1716,2,62.7
SS1716,3,47.9
SS1716,4,61.6
SS1716,5,59.1
SS1717,1,73.1
SS1717,2,74.3
SS1717,3,48.9
SS1717,4,52.5
SS1717,5,43.1
SS1717,6,64.0
SS1718,1,70.7
SS1718,2,81.6
SS1718,3,77.8
SS1718,4,79.2
SS1719,1,75.0
SS1719,2,86.9
SS1719,3,100.0
SS1719,4,88.0
SS1720,1,41.3
SS1720,2,73.0
SS1720,3,55.0
SS1720,4,76.3
SS1720,5,62.3
SS1721,1,67.9
SS1721,2,89.2
SS1721,3,54.6
SS1721,4,90.1
SS1722,1,74.1
SS1722,2,84.5
SS1722,3,84.6
SS1723,1,75.2
SS1723,2,70.9
SS1723,3,76.0
SS1723,4,67.6
SS1723,5,100.0
SS1724,1,59.9
SS1724,2,81.3
SS1724,3,79.6
SS1724,4,70.9
SS1724,5,64.4
SS1724,6,68.7
SS1725,1,42.4
SS1725,2,36.3
SS1725,3,20.0
SS1726,1,49.1
SS1726,2,92.3
SS1726,3,38.4
SS1727,1,39.6
SS1727,2,34.0
SS1727,3,39.2
SS1727,4,22.3
SS1728,1,89.7
SS1728,2,87.8
SS1728,3,100.0
SS1728,4,86.8
SS1728,5,100.0
SS1728,6,65.6
SS1729,1,81.5
SS1729,2,71.1
SS1729,3,71.7
SS1729,4,71.9
SS1729,5,90.4
SS1730,1,82.3
SS1730,2,68.8
SS1730,3,71.0
SS1730,4,89.6
SS1730,5,84.8
SS1731,1,34.4
SS1731,2,61.0
SS1731,3,40.2
SS1731,4,60.0
SS1731,5,43.8
SS1732,1,42.1
SS1732,2,38.7
SS1732,3,65.5
SS1732,4,51.0
SS1733,1,85.8
SS1733,2,100.0
SS1733,3,70.0
SS1733,4,88.9
SS1733,5,60.3
SS1734,1,81.9
SS1734,2,55.1
SS1734,3,65.4
SS1735,1,66.6
SS1735,2,68.6
SS1735,3,43.1
SS1736,1,55.8
SS1736,2,75.0
SS1736,3,62.3
SS1736,4,48.9
SS1736,5,66.2
SS1736,6,65.6
SS1737,1,97.3
SS1737,2,100.0
SS1737,3,100.0
SS1737,4,85.0
SS1737,5,89.7
SS1738,1,88.9
SS1738,2,69.7
SS1738,3,71.7
SS1739,1,60.0
SS1739,2,79.2
SS1739,3,84.1
SS1739,4,53.9
SS1740,1,63.1
SS1740,2,58.5
SS1740,3,87.2
SS1741,1,60.3
SS1741,2,84.2
SS1741,3,94.5
SS1741,4,87.6
SS1741,5,79.5
SS1742,1,68.0
SS1742,2,77.0
SS1742,3,62.1
SS1742,4,34.4
SS1742,5,78.4
SS1742,6,68.7
SS1743,1,38.9
SS1743,2,20.0
SS1743,3,35.4
SS1743,4,27.9
SS1744,1,47.7
SS1744,2,61.7
SS1744,3,56.5
SS1744,4,57.4
SS1745,1,86.2
SS1745,2,79.9
SS1745,3,70.2
SS1746,1,45.3
SS1746,2,47.5
SS1746,3,50.2
SS1746,4,61.0
SS1747,1,50.1
SS1747,2,82.7
SS1747,3,71.3
SS1747,4,28.1
SS1748,1,58.1
SS1748,2,70.5
SS1748,3,62.1
SS1749,1,80.1
SS1749,2,84.7
SS1749,3,87.8
SS1749,4,95.5
SS1750,1,57.3
SS1750,2,67.8
SS1750,3,97.0
SS1750,4,76.1
SS1750,5,95.6
SS1750,6,100.0
SS1751,1,68.1
SS1751,2,58.9
SS1751,3,71.0
SS1751,4,88.8
SS1751,5,90.6
SS1751,6,100.0
SS1752,1,73.6
SS1752,2,80.4
SS1752,3,64.8
SS1752,4,41.5
SS1753,1,65.0
SS1753,2,50.5
SS1753,3,73.9
SS1753,4,41.0
SS1753,5,55.9
SS1753,6,69.0
SS1754,1,73.4
SS1754,2,68.0
SS1754,3,92.9
SS1755,1,71.0
SS1755,2,41.7
SS1755,3,71.5
SS1755,4,73.5
SS1755,5,49.0
SS1755,6,51.2
SS1756,1,36.9
SS1756,2,29.2
SS1756,3,30.5
SS1756,4,54.8
SS1757,1,73.7
SS1757,2,60.8
SS1757,3,56.0
SS1757,4,58.1
SS1757,5,65.9
SS1758,1,82.1
SS1758,2,59.0
SS1758,3,81.9
SS1759,1,84.3
SS1759,2,83.6
SS1759,3,95.0
SS1759,4,92.7
SS1759,5,63.4
SS1759,6,67.6
SS1760,1,83.4
SS1760,2,91.0
SS1760,3,100.0
SS1760,4,87.2
SS1761,1,100.0
SS1761,2,77.2
SS1761,3,79.4
SS1761,4,82.4
SS1761,5,75.8
SS1761,6,100.0
SS1762,1,20.0
SS1762,2,46.5
SS1762,3,67.9
SS1763,1,57.3
SS1763,2,75.3
SS1763,3,90.0
SS1763,4,62.4
SS1763,5,76.6
SS1764,1,100.0
SS1764,2,77.4
SS1764,3,71.6
SS1765,1,100.0
SS1765,2,100.0
SS1765,3,94.5
SS1765,4,88.7
SS1765,5,100.0
SS1765,6,91.5
SS1766,1,100.0
SS1766,2,88.6
SS1766,3,100.0
SS1766,4,74.2
SS1767,1,69.5
SS1767,2,91.7
SS1767,3,65.9
SS1767,4,82.1
SS1767,5,100.0
SS1768,1,37.8
SS1768,2,66.2
SS1768,3,76.8
SS1768,4,60.7
SS1768,5,48.9
SS1768,6,57.6
SS1769,1,43.6
SS1769,2,55.4
SS1769,3,50.9
SS1769,4,47.8
SS1769,5,60.6
SS1770,1,96.8
SS1770,2,80.6
SS1770,3,93.8
SS1771,1,72.2
SS1771,2,44.1
SS1771,3,55.3
SS1772,1,57.4
SS1772,2,43.6
SS1772,3,67.5
SS1773,1,50.8
SS1773,2,70.8
SS1773,3,44.3
SS1773,4,66.7
SS1773,5,44.1
SS1773,6,73.3
SS1774,1,81.6
SS1774,2,80.3
SS1774,3,100.0
SS1774,4,82.5
SS1774,5,88.1
SS1774,6,84.1
SS1775,1,68.0
SS1775,2,75.0
SS1775,3,72.3
SS1775,4,55.3
SS1776,1,50.0
SS1776,2,22.4
SS1776,3,24.6
SS1776,4,32.6
SS1776,5,47.9
SS1776,6,20.0
SS1777,1,84.2
SS1777,2,71.9
SS1777,3,67.0
SS1778,1,71.2
SS1778,2,46.5
SS1778,3,86.6
SS1778,4,54.6
SS1778,5,58.8
SS1779,1,86.7
SS1779,2,68.9
SS1779,3,82.1
SS1779,4,41.2
SS1780,1,59.1
SS1780,2,70.1
SS1780,3,79.0
SS1781,1,72.4
SS1781,2,71.2
SS1781,3,76.2
SS1781,4,68.6
SS1782,1,48.4
SS1782,2,95.0
SS1782,3,65.4
SS1782,4,80.4
SS1783,1,48.5
SS1783,2,46.7
SS1783,3,31.7
SS1783,4,20.9
SS1784,1,46.3
SS1784,2,70.0
SS1784,3,40.5
SS1785,1,63.5
SS1785,2,80.3
SS1785,3,61.5
SS1785,4,67.8
SS1786,1,59.1
SS1786,2,61.7
SS1786,3,44.4
SS1787,1,46.9
SS1787,2,50.3
SS1787,3,28.5
SS1787,4,47.9
SS1787,5,35.8
SS1787,6,46.7
SS1788,1,84.1
SS1788,2,72.4
SS1788,3,86.6
SS1788,4,85.0
SS1789,1,92.4
SS1789,2,85.8
SS1789,3,94.9
SS1790,1,70.4
SS1790,2,43.7
SS1790,3,55.1
SS1790,4,62.7
SS1790,5,64.3
SS1791,1,45.2
SS1791,2,30.0
SS1791,3,66.6
SS1791,4,39.2
SS1791,5,40.4
SS1791,6,31.8
SS1792,1,62.2
SS1792,2,73.6
SS1792,3,75.6
SS1792,4,74.1
SS1793,1,65.9
SS1793,2,42.8
SS1793,3,43.3
SS1793,4,55.0
SS1793,5,42.2
SS1793,6,51.4
SS1794,1,53.4
SS1794,2,53.5
SS1794,3,71.6
SS1794,4,67.0
SS1794,5,59.5
SS1795,1,56.1
SS1795,2,57.2
SS1795,3,45.3
SS1795,4,47.8
SS1795,5,57.3
SS1796,1,37.6
SS1796,2,43.0
SS1796,3,57.8
SS1796,4,50.6
SS1797,1,54.1
SS1797,2,48.6
SS1797,3,47.1
SS1798,1,61.9
SS1798,2,89.9
SS1798,3,71.0
SS1798,4,46.3
SS1799,1,66.8
SS1799,2,47.7
SS1799,3,57.5
SS1799,4,49.9
SS1799,5,83.9
SS1799,6,42.9
SS1800,1,77.8
SS1800,2,64.8
SS1800,3,83.3
SS1800,4,77.5
SS1800,5,90.0
SS1800,6,83.0
SS1801,1,51.2
SS1801,2,98.1
SS1801,3,67.4
SS1801,4,53.0
SS1801,5,62.9
SS1801,6,68.4
SS1802,1,86.4
SS1802,2,85.1
SS1802,3,91.3
SS1802,4,90.0
SS1802,5,67.7
SS1802,6,100.0
SS1803,1,95.3
SS1803,2,80.1
SS1803,3,70.2
SS1803,4,70.4
SS1804,1,52.7
SS1804,2,54.4
SS1804,3,28.5
SS1804,4,76.8
SS1805,1,70.0
SS1805,2,32.9
SS1805,3,66.3
SS1805,4,54.6
SS1805,5,52.1
SS1805,6,61.1
SS1806,1,21.9
SS1806,2,44.5
SS1806,3,45.6
SS1806,4,45.6
SS1806,5,26.8
SS1807,1,75.6
SS1807,2,83.6
SS1807,3,75.1
SS1807,4,66.8
SS1808,1,96.4
SS1808,2,49.4
SS1808,3,71.5
SS1808,4,64.6
SS1809,1,61.4
SS1809,2,40.2
SS1809,3,43.0
SS1809,4,41.8
SS1809,5,21.4
SS1809,6,23.9
SS1810,1,55.4
SS1810,2,71.4
SS1810,3,62.0
SS1811,1,51.6
SS1811,2,72.1
SS1811,3,28.5
SS1812,1,69.7
SS1812,2,54.0
SS1812,3,100.0
SS1812,4,85.2
SS1812,5,99.1
SS1813,1,42.5
SS1813,2,57.2
SS1813,3,42.3
SS1814,1,52.6
SS1814,2,50.7
SS1814,3,51.7
SS1815,1,100.0
SS1815,2,59.3
SS1815,3,79.5
SS1815,4,83.0
SS1815,5,81.0
SS1815,6,75.2
SS1816,1,76.6
SS1816,2,100.0
SS1816,3,82.7
SS1816,4,100.0
SS1817,1,63.2
SS1817,2,52.5
SS1817,3,63.5
SS1817,4,57.7
SS1817,5,73.7
SS1818,1,42.6
SS1818,2,34.4
SS1818,3,62.5
SS1818,4,68.7
SS1819,1,77.7
SS1819,2,82.7
SS1819,3,80.8
SS1820,1,20.0
SS1820,2,39.4
SS1820,3,52.8
SS1821,1,44.0
SS1821,2,24.8
SS1821,3,37.5
SS1821,4,49.0
SS1821,5,65.1
SS1821,6,20.0
SS1822,1,67.1
SS1822,2,50.3
SS1822,3,69.0
SS1823,1,93.7
SS1823,2,83.1
SS1823,3,94.3
SS1823,4,100.0
SS1823,5,84.0
SS1824,1,42.9
SS1824,2,78.8
SS1824,3,71.1
SS1824,4,67.6
SS1825,1,58.3
SS1825,2,80.1
SS1825,3,93.9
SS1825,4,65.7
SS1826,1,81.9
SS1826,2,66.9
SS1826,3,71.3
SS1826,4,66.7
SS1826,5,82.4
SS1826,6,76.3
SS1827,1,98.2
SS1827,2,81.8
SS1827,3,91.2
SS1827,4,81.0
SS1827,5,95.8
SS1828,1,37.3
SS1828,2,60.5
SS1828,3,54.9
SS1828,4,60.9
SS1828,5,37.0
SS1829,1,74.3
SS1829,2,61.9
SS1829,3,68.6
SS1829,4,41.5
SS1830,1,73.5
SS1830,2,84.6
SS1830,3,100.0
SS1830,4,96.6
SS1831,1,47.9
SS1831,2,34.2
SS1831,3,31.8
SS1831,4,49.8
SS1831,5,55.3
SS1832,1,82.1
SS1832,2,100.0
SS1832,3,70.5
SS1833,1,55.1
SS1833,2,30.8
SS1833,3,55.5
SS1834,1,86.4
SS1834,2,53.8
SS1834,3,78.2
SS1834,4,86.0
SS1834,5,58.3
SS1835,1,68.9
SS1835,2,83.3
SS1835,3,65.8
SS1835,4,73.0
SS1835,5,39.7
SS1836,1,61.3
SS1836,2,60.2
SS1836,3,36.3
SS1837,1,40.7
SS1837,2,61.1
SS1837,3,49.3
SS1837,4,67.7
SS1837,5,57.2
SS1837,6,53.9
SS1838,1,67.4
SS1838,2,73.4
SS1838,3,80.0
SS1838,4,76.5
SS1838,5,64.1
SS1839,1,95.0
SS1839,2,87.5
SS1839,3,83.9
SS1840,1,65.5
SS1840,2,70.8
SS1840,3,40.5
SS1840,4,67.4
SS1840,5,85.6
SS1840,6,67.2
SS1841,1,68.0
SS1841,2,59.2
SS1841,3,73.3
SS1841,4,64.4
SS1841,5,83.9
SS1841,6,55.7
SS1842,1,67.5
SS1842,2,65.6
SS1842,3,97.2
SS1842,4,70.9
SS1843,1,46.3
SS1843,2,26.2
SS1843,3,41.6
SS1843,4,60.3
SS1844,1,82.4
SS1844,2,67.1
SS1844,3,67.9
SS1844,4,99.8
SS1845,1,100.0
SS1845,2,91.6
SS1845,3,97.0
SS1845,4,99.7
SS1845,5,100.0
SS1846,1,91.1
SS1846,2,83.6
SS1846,3,100.0
SS1847,1,48.6
SS1847,2,47.7
SS1847,3,48.0
SS1847,4,59.4
SS1848,1,34.2
SS1848,2,41.4
SS1848,3,51.9
SS1849,1,60.5
SS1849,2,89.8
SS1849,3,76.1
SS1850,1,84.1
SS1850,2,82.7
SS1850,3,73.9
SS1850,4,89.4
SS1851,1,64.9
SS1851,2,54.9
SS1851,3,37.1
SS1851,4,65.8
SS1851,5,42.6
SS1852,1,65.7
SS1852,2,61.8
SS1852,3,43.1
SS1852,4,64.2
SS1852,5,63.3
SS1852,6,63.3
SS1853,1,74.9
SS1853,2,64.5
SS1853,3,80.7
SS1854,1,46.3
SS1854,2,41.2
SS1854,3,64.0
SS1855,1,72.9
SS1855,2,68.6
SS1855,3,58.0
SS1855,4,35.5
SS1856,1,86.5
SS1856,2,41.8
SS1856,3,74.8
SS1856,4,94.6
SS1856,5,69.1
SS1857,1,82.7
SS1857,2,83.8
SS1857,3,81.5
SS1857,4,100.0
SS1857,5,67.9
SS1857,6,66.3
SS1858,1,53.8
SS1858,2,80.7
SS1858,3,50.6
SS1858,4,63.7
SS1858,5,72.0
SS1859,1,52.1
SS1859,2,55.2
SS1859,3,60.4
SS1859,4,46.0
SS1859,5,36.1
SS1860,1,43.0
SS1860,2,36.7
SS1860,3,73.9
SS1861,1,42.7
SS1861,2,55.9
SS1861,3,30.1
SS1862,1,50.6
SS1862,2,45.2
SS1862,3,57.7
SS1863,1,73.1
SS1863,2,82.4
SS1863,3,81.4
SS1863,4,63.1
SS1863,5,51.7
SS1864,1,39.7
SS1864,2,54.4
SS1864,3,52.6
SS1864,4,53.9
SS1865,1,49.9
SS1865,2,75.6
SS1865,3,37.8
SS1866,1,48.2
SS1866,2,41.9
SS1866,3,53.2
SS1866,4,72.1
SS1866,5,52.2
SS1867,1,61.6
SS1867,2,68.9
SS1867,3,55.9
SS1867,4,65.3
SS1867,5,63.6
SS1867,6,45.6
SS1868,1,77.2
SS1868,2,87.8
SS1868,3,99.9
SS1868,4,99.9
SS1869,1,100.0
SS1869,2,80.9
SS1869,3,69.2
SS1869,4,73.8
SS1869,5,73.1
SS1869,6,69.3
SS1870,1,71.2
SS1870,2,71.8
SS1870,3,50.9
SS1870,4,80.3
SS1870,5,42.3
SS1871,1,57.1
SS1871,2,74.9
SS1871,3,67.9
SS1871,4,55.4
SS1871,5,85.6
SS1872,1,54.7
SS1872,2,34.4
SS1872,3,66.3
SS1872,4,37.3
SS1872,5,49.6
SS1872,6,68.5
SS1873,1,64.3
SS1873,2,77.8
SS1873,3,55.2
SS1874,1,84.8
SS1874,2,51.6
SS1874,3,90.7
SS1874,4,67.4
SS1874,5,93.5
SS1874,6,62.7
SS1875,1,79.2
SS1875,2,41.8
SS1875,3,30.9
SS1875,4,54.8
SS1875,5,70.2
SS1875,6,64.5
SS1876,1,81.6
SS1876,2,77.0
SS1876,3,55.8
SS1876,4,76.5
SS1876,5,67.7
SS1876,6,57.3
SS1877,1,41.9
SS1877,2,38.9
SS1877,3,58.0
SS1877,4,32.9
SS1877,5,32.3
SS1878,1,59.7
SS1878,2,93.5
SS1878,3,60.4
SS1878,4,85.7
SS1878,5,55.4
SS1878,6,75.4
SS1879,1,79.3
SS1879,2,91.9
SS1879,3,90.0
SS1879,4,77.0
SS1879,5,68.9
SS1879,6,97.0
SS1880,1,54.1
SS1880,2,32.9
SS1880,3,38.2
SS1880,4,41.4
SS1880,5,70.1
SS1880,6,91.2
SS1881,1,63.1
SS1881,2,79.4
SS1881,3,90.8
SS1881,4,100.0
SS1881,5,79.4
SS1881,6,97.3
SS1882,1,51.2
SS1882,2,88.4
SS1882,3,56.4
SS1882,4,59.1
SS1882,5,55.6
SS1882,6,49.1
SS1883,1,81.1
SS1883,2,53.7
SS1883,3,42.8
SS1883,4,66.8
SS1884,1,76.1
SS1884,2,57.9
SS1884,3,67.9
SS1884,4,49.6
SS1884,5,79.3
SS1885,1,73.2
SS1885,2,65.0
SS1885,3,66.9
SS1885,4,46.6
SS1886,1,47.0
SS1886,2,62.9
SS1886,3,71.2
SS1886,4,71.8
SS1886,5,59.8
SS1886,6,74.2
SS1887,1,85.9
SS1887,2,66.2
SS1887,3,71.4
SS1887,4,64.7
SS1887,5,65.8
SS1887,6,69.6
SS1888,1,99.1
SS1888,2,88.9
SS1888,3,87.7
SS1888,4,71.1
SS1888,5,65.3
SS1888,6,82.1
SS1889,1,100.0
SS1889,2,100.0
SS1889,3,52.0
SS1889,4,100.0
SS1889,5,89.3
SS1890,1,77.8
SS1890,2,43.4
SS1890,3,62.9
SS1890,4,76.7
SS1891,1,61.3
SS1891,2,39.1
SS1891,3,81.0
SS1892,1,56.3
SS1892,2,75.6
SS1892,3,54.8
SS1892,4,55.8
SS1892,5,66.0
SS1893,1,89.4
SS1893,2,66.8
SS1893,3,88.3
SS1893,4,69.2
SS1893,5,76.2
SS1894,1,64.8
SS1894,2,67.1
SS1894,3,60.2
SS1894,4,42.1
SS1894,5,31.8
SS1895,1,77.8
SS1895,2,92.8
SS1895,3,86.0
SS1895,4,83.3
SS1895,5,80.1
SS1896,1,98.7
SS1896,2,81.8
SS1896,3,100.0
SS1896,4,100.0
SS1896,5,90.1
SS1896,6,100.0
SS1897,1,42.1
SS1897,2,66.7
SS1897,3,62.7
SS1898,1,53.9
SS1898,2,34.9
SS1898,3,48.8
SS1898,4,32.4
SS1899,1,29.2
SS1899,2,56.0
SS1899,3,61.5
SS1899,4,60.9
SS1899,5,61.1
SS1900,1,75.4
SS1900,2,77.8
SS1900,3,67.4
SS1900,4,56.0
SS1900,5,80.6
SS1900,6,72.3
SS1901,1,87.2
SS1901,2,44.8
SS1901,3,77.0
SS1901,4,100.0
SS1901,5,70.8
SS1901,6,73.2
SS1902,1,74.7
SS1902,2,75.8
SS1902,3,63.9
SS1902,4,56.1
SS1902,5,77.7
SS1902,6,44.4
SS1903,1,89.9
SS1903,2,74.0
SS1903,3,79.1
SS1903,4,72.3
SS1903,5,97.7
SS1903,6,82.3
SS1904,1,68.1
SS1904,2,67.8
SS1904,3,70.4
SS1904,4,100.0
SS1904,5,55.2
SS1904,6,86.4
SS1905,1,89.2
SS1905,2,100.0
SS1905,3,90.0
SS1905,4,81.8
SS1905,5,95.1
SS1906,1,81.0
SS1906,2,87.8
SS1906,3,96.6
SS1907,1,87.0
SS1907,2,80.3
SS1907,3,77.4
SS1907,4,91.7
SS1907,5,74.4
SS1908,1,66.2
SS1908,2,58.1
SS1908,3,77.3
SS1908,4,60.9
SS1908,5,54.0
SS1909,1,63.4
SS1909,2,70.4
SS1909,3,71.6
SS1910,1,65.3
SS1910,2,59.9
SS1910,3,66.8
SS1910,4,67.9
SS1910,5,71.6
SS1910,6,37.2
SS1911,1,43.5
SS1911,2,65.4
SS1911,3,60.9
SS1911,4,70.9
SS1911,5,38.1
SS1912,1,82.0
SS1912,2,84.3
SS1912,3,90.4
SS1912,4,88.7
SS1912,5,94.3
SS1912,6,86.7
SS1913,1,86.6
SS1913,2,90.8
SS1913,3,54.3
SS1914,1,77.1
SS1914,2,86.9
SS1914,3,84.1
SS1914,4,71.2
SS1914,5,79.8
SS1914,6,55.9
SS1915,1,67.4
SS1915,2,48.6
SS1915,3,74.2
SS1915,4,53.1
SS1916,1,60.5
SS1916,2,62.5
SS1916,3,59.4
SS1916,4,50.2
SS1916,5,55.7
SS1917,1,81.5
SS1917,2,60.6
SS1917,3,66.4
SS1917,4,58.9
SS1917,5,79.4
SS1918,1,85.7
SS1918,2,74.8
SS1918,3,84.8
SS1918,4,81.6
SS1918,5,100.0
SS1919,1,72.6
SS1919,2,55.2
SS1919,3,79.7
SS1919,4,96.4
SS1919,5,88.8
SS1919,6,58.9
SS1920,1,40.3
SS1920,2,43.4
SS1920,3,43.6
SS1921,1,68.2
SS1921,2,58.7
SS1921,3,51.3
SS1921,4,75.6
SS1921,5,48.6
SS1922,1,78.8
SS1922,2,74.5
SS1922,3,97.2
SS1922,4,90.6
SS1922,5,100.0
SS1922,6,79.0
SS1923,1,46.9
SS1923,2,57.4
SS1923,3,60.8
SS1924,1,45.3
SS1924,2,20.7
SS1924,3,48.8
SS1924,4,31.0
SS1925,1,82.2
SS1925,2,100.0
SS1925,3,62.2
SS1925,4,94.8
SS1926,1,79.0
SS1926,2,64.3
SS1926,3,69.1
SS1926,4,90.8
SS1926,5,100.0
SS1927,1,78.9
SS1927,2,89.6
SS1927,3,56.1
SS1927,4,44.6
SS1927,5,64.4
SS1927,6,75.6
SS1928,1,37.1
SS1928,2,49.2
SS1928,3,50.6
SS1928,4,65.8
SS1928,5,64.2
SS1928,6,51.1
SS1929,1,82.4
SS1929,2,65.2
SS1929,3,74.6
SS1929,4,63.7
SS1929,5,78.1
SS1929,6,69.7
SS1930,1,68.0
SS1930,2,58.7
SS1930,3,56.1
SS1930,4,82.0
SS1931,1,85.9
SS1931,2,76.1
SS1931,3,73.3
SS1931,4,65.5
SS1931,5,80.0
SS1932,1,77.0
SS1932,2,48.1
SS1932,3,55.3
SS1933,1,62.5
SS1933,2,54.9
SS1933,3,69.8
SS1933,4,71.6
SS1934,1,66.3
SS1934,2,75.1
SS1934,3,60.3
SS1935,1,63.1
SS1935,2,50.7
SS1935,3,67.4
SS1936,1,80.6
SS1936,2,64.0
SS1936,3,77.6
SS1936,4,79.1
SS1936,5,83.3
SS1936,6,83.7
SS1937,1,45.4
SS1937,2,64.7
SS1937,3,61.6
SS1937,4,45.4
SS1937,5,39.9
SS1937,6,46.4
SS1938,1,25.8
SS1938,2,47.6
SS1938,3,60.3
SS1938,4,63.4
SS1938,5,30.7
SS1939,1,84.2
SS1939,2,75.1
SS1939,3,42.9
SS1940,1,69.9
SS1940,2,68.4
SS1940,3,89.9
SS1941,1,60.9
SS1941,2,79.5
SS1941,3,70.8
SS1942,1,52.5
SS1942,2,64.1
SS1942,3,91.2
SS1942,4,69.0
SS1942,5,83.1
SS1943,1,72.9
SS1943,2,56.0
SS1943,3,45.1
SS1944,1,61.2
SS1944,2,95.1
SS1944,3,78.2
SS1944,4,53.7
SS1945,1,76.2
SS1945,2,42.2
SS1945,3,54.7
SS1945,4,66.5
SS1945,5,98.2
SS1945,6,76.0
SS1946,1,53.4
SS1946,2,60.1
SS1946,3,71.7
SS1946,4,78.2
SS1946,5,56.5
SS1946,6,56.9
SS1947,1,51.1
SS1947,2,70.5
SS1947,3,75.2
SS1947,4,36.7
SS1947,5,56.7
SS1947,6,46.1
SS1948,1,94.3
SS1948,2,76.2
SS1948,3,75.1
SS1948,4,100.0
SS1949,1,41.2
SS1949,2,42.6
SS1949,3,49.0
SS1949,4,56.0
SS1949,5,38.0
SS1950,1,67.3
SS1950,2,67.4
SS1950,3,86.6
SS1951,1,43.3
SS1951,2,40.4
SS1951,3,49.3
SS1951,4,68.0
SS1951,5,45.2
SS1951,6,40.7
SS1952,1,89.9
SS1952,2,81.9
SS1952,3,80.0
SS1953,1,53.9
SS1953,2,52.6
SS1953,3,36.6
SS1953,4,72.9
SS1953,5,61.4
SS1954,1,20.0
SS1954,2,54.5
SS1954,3,34.5
SS1954,4,36.1
SS1954,5,20.0
SS1955,1,77.5
SS1955,2,77.6
SS1955,3,70.5
SS1955,4,65.7
SS1955,5,100.0
SS1955,6,55.5
SS1956,1,51.7
SS1956,2,70.3
SS1956,3,47.9
SS1956,4,47.0
SS1957,1,53.4
SS1957,2,46.6
SS1957,3,45.0
SS1958,1,79.3
SS1958,2,67.9
SS1958,3,73.6
SS1958,4,75.9
SS1958,5,87.9
SS1958,6,82.4
SS1959,1,72.6
SS1959,2,95.0
SS1959,3,62.9
SS1959,4,80.5
SS1959,5,69.9
SS1960,1,74.3
SS1960,2,100.0
SS1960,3,66.3
SS1960,4,74.8
SS1961,1,77.3
SS1961,2,64.6
SS1961,3,72.7
SS1961,4,89.3
SS1962,1,75.1
SS1962,2,60.5
SS1962,3,64.9
SS1962,4,73.5
SS1963,1,91.6
SS1963,2,83.6
SS1963,3,88.0
SS1963,4,88.0
SS1964,1,86.7
SS1964,2,80.0
SS1964,3,97.6
SS1964,4,91.7
SS1965,1,53.6
SS1965,2,70.0
SS1965,3,74.5
SS1965,4,78.1
SS1966,1,69.5
SS1966,2,95.4
SS1966,3,21.8
SS1966,4,57.8
SS1967,1,69.5
SS1967,2,66.3
SS1967,3,75.7
SS1968,1,73.6
SS1968,2,67.0
SS1968,3,72.1
SS1968,4,78.9
SS1968,5,77.7
SS1968,6,74.2
SS1969,1,34.9
SS1969,2,79.1
SS1969,3,47.2
SS1970,1,82.0
SS1970,2,65.5
SS1970,3,74.6
SS1971,1,97.4
SS1971,2,70.1
SS1971,3,85.7
SS1972,1,64.7
SS1972,2,66.5
SS1972,3,60.4
SS1972,4,74.9
SS1972,5,92.5
SS1972,6,76.0
SS1973,1,69.8
SS1973,2,71.8
SS1973,3,80.3
SS1973,4,66.8
SS1974,1,72.4
SS1974,2,86.0
SS1974,3,60.9
SS1974,4,69.4
SS1975,1,59.4
SS1975,2,56.8
SS1975,3,67.5
SS1975,4,56.4
SS1976,1,60.5
SS1976,2,49.9
SS1976,3,71.8
SS1977,1,69.3
SS1977,2,64.6
SS1977,3,74.8
SS1977,4,46.6
SS1978,1,64.6
SS1978,2,39.2
SS1978,3,62.7
SS1979,1,100.0
SS1979,2,89.0
SS1979,3,100.0
SS1979,4,74.7
SS1979,5,80.8
SS1979,6,70.6
SS1980,1,84.3
SS1980,2,87.3
SS1980,3,84.1
SS1981,1,46.9
SS1981,2,46.7
SS1981,3,57.6
SS1981,4,51.0
SS1982,1,63.6
SS1982,2,53.9
SS1982,3,70.9
SS1982,4,60.6
SS1982,5,67.7
SS1982,6,73.1
SS1983,1,63.0
SS1983,2,56.2
SS1983,3,93.4
SS1983,4,48.5
SS1983,5,80.6
SS1983,6,62.8
SS1984,1,61.9
SS1984,2,78.0
SS1984,3,64.5
SS1984,4,59.9
SS1984,5,93.7
SS1985,1,43.5
SS1985,2,68.8
SS1985,3,74.5
SS1986,1,97.2
SS1986,2,73.7
SS1986,3,100.0
SS1986,4,88.8
SS1987,1,36.3
SS1987,2,48.2
SS1987,3,70.2
SS1988,1,69.4
SS1988,2,91.4
SS1988,3,78.4
SS1988,4,68.8
SS1988,5,71.8
SS1989,1,81.1
SS1989,2,43.7
SS1989,3,83.6
SS1989,4,84.0
SS1990,1,69.8
SS1990,2,55.8
SS1990,3,81.3
SS1990,4,67.8
SS1990,5,54.4
SS1991,1,80.0
SS1991,2,43.7
SS1991,3,36.1
SS1991,4,58.9
SS1991,5,54.3
SS1992,1,100.0
SS1992,2,89.2
SS1992,3,89.3
SS1992,4,98.5
SS1992,5,96.7
SS1992,6,97.1
SS1993,1,75.6
SS1993,2,74.2
SS1993,3,66.7
SS1993,4,82.9
SS1994,1,70.6
SS1994,2,85.8
SS1994,3,93.3
SS1994,4,66.5
SS1994,5,100.0
SS1994,6,66.0
SS1995,1,35.9
SS1995,2,52.1
SS1995,3,50.8
SS1995,4,46.0
SS1996,1,65.9
SS1996,2,58.6
SS1996,3,82.2
SS1996,4,54.6
SS1996,5,44.2
SS1997,1,74.9
SS1997,2,88.2
SS1997,3,88.4
SS1997,4,84.8
SS1997,5,71.1
SS1998,1,84.1
SS1998,2,94.9
SS1998,3,70.1
SS1998,4,93.2
SS1998,5,81.0
SS1998,6,98.5
SS1999,1,47.2
SS1999,2,42.9
SS1999,3,52.1
SS1999,4,35.5
SS2000,1,84.8
SS2000,2,96.8
SS2000,3,90.2
SS2000,4,79.1
SS2000,5,82.1
SS2000,6,89.3
SS2001,1,68.3
SS2001,2,68.7
SS2001,3,63.3
SS2001,4,48.2
SS2002,1,75.7
SS2002,2,90.3
SS2002,3,95.1
SS2002,4,93.4
SS2003,1,56.1
SS2003,2,62.9
SS2003,3,49.6
SS2003,4,46.8
SS2004,1,69.8
SS2004,2,86.4
SS2004,3,70.0
SS2004,4,93.5
SS2004,5,66.6
SS2005,1,81.7
SS2005,2,68.4
SS2005,3,76.8
SS2005,4,65.8
SS2005,5,61.2
SS2006,1,39.1
SS2006,2,55.4
SS2006,3,44.7
SS2007,1,46.6
SS2007,2,58.4
SS2007,3,33.0
SS2007,4,54.2
SS2007,5,64.1
SS2007,6,65.2
SS2008,1,70.1
SS2008,2,62.7
SS2008,3,55.3
SS2008,4,62.3
SS2008,5,84.9
SS2008,6,66.9
SS2009,1,75.4
SS2009,2,84.1
SS2009,3,77.4
SS2010,1,51.6
SS2010,2,45.5
SS2010,3,43.3
SS2010,4,61.6
SS2010,5,23.3
SS2010,6,54.9
SS2011,1,38.1
SS2011,2,20.0
SS2011,3,31.6
SS2011,4,43.8
SS2011,5,45.6
SS2012,1,86.3
SS2012,2,87.2
SS2012,3,56.6
SS2013,1,63.1
SS2013,2,67.7
SS2013,3,61.0
SS2013,4,64.7
SS2014,1,35.8
SS2014,2,48.0
SS2014,3,78.7
SS2014,4,57.3
SS2014,5,89.8
SS2014,6,44.3
SS2015,1,62.2
SS2015,2,34.0
SS2015,3,53.1
SS2015,4,38.1
SS2016,1,58.7
SS2016,2,64.9
SS2016,3,49.2
SS2016,4,67.6
SS2016,5,53.7
SS2016,6,59.5
SS2017,1,31.5
SS2017,2,61.5
SS2017,3,82.3
SS2017,4,74.9
SS2018,1,89.6
SS2018,2,78.8
SS2018,3,99.9
SS2019,1,59.7
SS2019,2,47.4
SS2019,3,67.1
SS2019,4,68.0
SS2020,1,95.7
SS2020,2,82.3
SS2020,3,91.2
SS2020,4,100.0
SS2020,5,93.7
SS2021,1,37.9
SS2021,2,48.9
SS2021,3,48.3
SS2021,4,47.3
SS2021,5,29.7
SS2022,1,81.7
SS2022,2,45.7
SS2022,3,46.6
SS2022,4,31.9
SS2022,5,68.4
SS2022,6,55.9
SS2023,1,81.4
SS2023,2,82.1
SS2023,3,93.6
SS2024,1,62.5
SS2024,2,42.8
SS2024,3,51.9
SS2024,4,51.2
SS2024,5,72.3
SS2024,6,80.8
SS2025,1,77.9
SS2025,2,37.5
SS2025,3,66.9
SS2025,4,50.8
SS2025,5,96.8
SS2026,1,82.0
SS2026,2,86.1
SS2026,3,74.4
SS2027,1,88.6
SS2027,2,78.4
SS2027,3,75.8
SS2027,4,73.2
SS2027,5,91.6
SS2027,6,100.0
SS2028,1,80.5
SS2028,2,75.7
SS2028,3,65.8
SS2028,4,88.3
SS2029,1,71.4
SS2029,2,72.0
SS2029,3,73.3
SS2029,4,60.8
SS2029,5,56.6
SS2030,1,82.1
SS2030,2,51.0
SS2030,3,59.7
SS2030,4,87.6
SS2030,5,51.4
SS2031,1,66.8
SS2031,2,75.4
SS2031,3,68.3
SS2032,1,68.1
SS2032,2,73.0
SS2032,3,59.4
SS2033,1,83.4
SS2033,2,53.2
SS2033,3,63.3
SS2033,4,96.6
SS2033,5,90.6
SS2034,1,49.5
SS2034,2,65.9
SS2034,3,67.9
SS2034,4,71.5
SS2035,1,97.4
SS2035,2,100.0
SS2035,3,81.3
SS2036,1,96.3
SS2036,2,90.1
SS2036,3,81.4
SS2037,1,39.6
SS2037,2,74.9
SS2037,3,69.6
SS2037,4,66.8
SS2037,5,48.9
SS2037,6,87.2
SS2038,1,65.2
SS2038,2,48.4
SS2038,3,46.3
SS2039,1,83.4
SS2039,2,83.8
SS2039,3,68.6
SS2040,1,64.4
SS2040,2,67.1
SS2040,3,60.2
SS2040,4,49.3
SS2040,5,70.9
SS2041,1,84.6
SS2041,2,81.1
SS2041,3,62.9
SS2042,1,47.6
SS2042,2,65.9
SS2042,3,77.0
SS2042,4,78.4
SS2042,5,72.5
SS2043,1,47.5
SS2043,2,42.9
SS2043,3,53.2
SS2043,4,53.3
SS2043,5,67.8
SS2044,1,47.4
SS2044,2,48.4
SS2044,3,80.3
SS2044,4,73.8
SS2044,5,42.1
SS2045,1,100.0
SS2045,2,70.2
SS2045,3,79.2
SS2045,4,80.6
SS2046,1,63.0
SS2046,2,72.1
SS2046,3,65.4
SS2046,4,72.0
SS2046,5,58.8
SS2046,6,68.9
SS2047,1,88.3
SS2047,2,69.3
SS2047,3,93.6
SS2047,4,88.5
SS2047,5,78.0
SS2048,1,53.8
SS2048,2,54.1
SS2048,3,56.1
SS2048,4,82.2
SS2049,1,97.0
SS2049,2,34.4
SS2049,3,76.1
SS2050,1,100.0
SS2050,2,92.2
SS2050,3,100.0
SS2050,4,100.0
SS2051,1,34.5
SS2051,2,54.0
SS2051,3,77.7
SS2052,1,25.2
SS2052,2,39.8
SS2052,3,35.5
SS2053,1,96.4
SS2053,2,98.2
SS2053,3,84.8
SS2053,4,83.1
SS2054,1,33.0
SS2054,2,73.8
SS2054,3,50.7
SS2055,1,63.8
SS2055,2,78.3
SS2055,3,68.3
SS2056,1,71.4
SS2056,2,66.2
SS2056,3,61.0
SS2056,4,62.4
SS2057,1,54.9
SS2057,2,67.6
SS2057,3,83.6
SS2057,4,57.8
SS2057,5,60.2
SS2058,1,42.2
SS2058,2,55.6
SS2058,3,71.8
SS2059,1,70.8
SS2059,2,35.4
SS2059,3,72.1
SS2059,4,58.0
SS2060,1,78.4
SS2060,2,69.9
SS2060,3,60.6
SS2061,1,52.0
SS2061,2,47.2
SS2061,3,56.9
SS2062,1,45.4
SS2062,2,42.3
SS2062,3,66.4
SS2063,1,75.9
SS2063,2,69.0
SS2063,3,53.1
SS2063,4,51.9
SS2064,1,38.5
SS2064,2,59.0
SS2064,3,36.7
SS2064,4,58.9
SS2064,5,55.7
SS2065,1,76.6
SS2065,2,74.3
SS2065,3,67.6
SS2065,4,41.4
SS2065,5,68.4
SS2065,6,62.0
SS2066,1,62.6
SS2066,2,85.2
SS2066,3,65.5
SS2066,4,60.6
SS2066,5,82.1
SS2067,1,55.5
SS2067,2,53.3
SS2067,3,46.1
SS2067,4,50.1
SS2067,5,51.3
SS2068,1,70.6
SS2068,2,49.3
SS2068,3,38.3
SS2068,4,66.4
SS2068,5,54.3
SS2068,6,62.3
SS2069,1,82.4
SS2069,2,66.6
SS2069,3,85.3
SS2069,4,64.8
SS2070,1,70.6
SS2070,2,50.4
SS2070,3,58.9
SS2070,4,45.4
SS2070,5,46.9
SS2070,6,54.6
SS2071,1,57.7
SS2071,2,77.1
SS2071,3,71.1
SS2071,4,78.0
SS2071,5,57.9
SS2071,6,84.1
SS2072,1,100.0
SS2072,2,100.0
SS2072,3,100.0
SS2072,4,85.3
SS2072,5,80.1
SS2073,1,66.3
SS2073,2,56.9
SS2073,3,37.4
SS2073,4,70.7
SS2073,5,57.0
SS2073,6,40.9
SS2074,1,65.7
SS2074,2,69.5
SS2074,3,72.5
SS2075,1,63.2
SS2075,2,80.7
SS2075,3,46.1
SS2075,4,60.9
SS2075,5,51.5
SS2075,6,79.2
SS2076,1,63.5
SS2076,2,66.3
SS2076,3,84.4
SS2076,4,88.0
SS2076,5,89.9
SS2077,1,65.0
SS2077,2,92.7
SS2077,3,89.9
SS2078,1,71.9
SS2078,2,73.5
SS2078,3,89.3
SS2079,1,56.4
SS2079,2,54.6
SS2079,3,45.6
SS2079,4,72.4
SS2079,5,37.7
SS2080,1,50.9
SS2080,2,68.5
SS2080,3,72.7
SS2080,4,88.8
SS2081,1,75.4
SS2081,2,88.4
SS2081,3,62.8
SS2081,4,96.1
SS2082,1,64.0
SS2082,2,59.5
SS2082,3,90.8
SS2082,4,77.0
SS2083,1,65.4
SS2083,2,77.5
SS2083,3,100.0
SS2083,4,100.0
SS2083,5,90.9
SS2083,6,54.9
SS2084,1,74.3
SS2084,2,48.7
SS2084,3,74.2
SS2084,4,47.6
SS2085,1,53.1
SS2085,2,38.4
SS2085,3,42.0
SS2086,1,75.9
SS2086,2,50.7
SS2086,3,98.6
SS2086,4,54.4
SS2087,1,29.1
SS2087,2,51.3
SS2087,3,60.0
SS2088,1,58.7
SS2088,2,49.0
SS2088,3,50.9
SS2088,4,49.5
SS2088,5,66.9
SS2089,1,81.8
SS2089,2,88.2
SS2089,3,87.4
SS2089,4,93.4
SS2089,5,77.4
SS2089,6,73.1
SS2090,1,43.2
SS2090,2,40.5
SS2090,3,44.5
SS2090,4,31.9
SS2090,5,49.5
SS2090,6,25.9
SS2091,1,43.7
SS2091,2,64.1
SS2091,3,34.7
SS2091,4,63.1
SS2091,5,31.1
SS2092,1,32.0
SS2092,2,33.2
SS2092,3,54.1
SS2092,4,62.1
SS2092,5,69.4
SS2092,6,68.4
SS2093,1,76.4
SS2093,2,54.4
SS2093,3,54.3
SS2093,4,75.4
SS2094,1,79.7
SS2094,2,47.8
SS2094,3,78.0
SS2094,4,36.2
SS2094,5,66.3
SS2095,1,82.9
SS2095,2,81.5
SS2095,3,84.6
SS2096,1,67.3
SS2096,2,84.2
SS2096,3,79.2
SS2096,4,90.6
SS2096,5,99.1
SS2097,1,74.0
SS2097,2,61.8
SS2097,3,57.6
SS2097,4,94.5
SS2097,5,92.8
SS2098,1,79.4
SS2098,2,68.7
SS2098,3,78.5
SS2099,1,88.1
SS2099,2,63.1
SS2099,3,71.5
SS2099,4,56.7
SS2099,5,69.4
SS2100,1,74.9
SS2100,2,68.8
SS2100,3,56.6
SS2100,4,20.0
SS2100,5,46.3
SS2101,1,78.4
SS2101,2,74.3
SS2101,3,77.5
SS2101,4,80.3
SS2102,1,44.6
SS2102,2,51.4
SS2102,3,49.6
SS2102,4,42.4
SS2102,5,75.5
SS2103,1,70.7
SS2103,2,47.6
SS2103,3,100.0
SS2103,4,65.9
SS2104,1,93.1
SS2104,2,72.5
SS2104,3,88.8
SS2104,4,80.8
SS2105,1,81.7
SS2105,2,65.9
SS2105,3,60.2
SS2106,1,67.0
SS2106,2,58.7
SS2106,3,38.6
SS2106,4,55.9
SS2107,1,100.0
SS2107,2,47.5
SS2107,3,74.3
SS2107,4,68.0
SS2107,5,95.1
SS2107,6,56.8
SS2108,1,30.1
SS2108,2,37.7
SS2108,3,26.5
SS2108,4,20.0
SS2108,5,28.5
SS2108,6,24.8
SS2109,1,65.8
SS2109,2,82.0
SS2109,3,75.1
SS2109,4,77.1
SS2109,5,74.2
SS2110,1,77.0
SS2110,2,81.5
SS2110,3,60.8
SS2110,4,75.2
SS2110,5,47.6
SS2111,1,36.0
SS2111,2,89.0
SS2111,3,61.0
SS2111,4,68.6
SS2111,5,49.4
SS2112,1,58.7
SS2112,2,65.9
SS2112,3,83.6
SS2112,4,68.5
SS2113,1,60.6
SS2113,2,55.3
SS2113,3,80.2
SS2113,4,76.3
SS2114,1,44.9
SS2114,2,60.1
SS2114,3,48.0
SS2114,4,46.8
SS2114,5,50.6
SS2115,1,72.6
SS2115,2,52.6
SS2115,3,70.7
SS2115,4,96.7
SS2115,5,66.6
SS2115,6,64.7
SS2116,1,65.8
SS2116,2,73.1
SS2116,3,46.0
SS2116,4,89.0
SS2117,1,80.3
SS2117,2,59.1
SS2117,3,67.9
SS2117,4,60.3
SS2117,5,71.4
SS2118,1,68.9
SS2118,2,71.1
SS2118,3,54.7
SS2118,4,61.8
SS2119,1,94.4
SS2119,2,72.6
SS2119,3,45.1
SS2119,4,77.5
SS2120,1,83.2
SS2120,2,62.9
SS2120,3,44.3
SS2120,4,51.2
SS2121,1,77.1
SS2121,2,45.5
SS2121,3,57.2
SS2122,1,88.0
SS2122,2,100.0
SS2122,3,77.1
SS2122,4,100.0
SS2123,1,33.7
SS2123,2,20.0
SS2123,3,53.2
SS2123,4,50.5
SS2123,5,53.1
SS2124,1,77.4
SS2124,2,70.8
SS2124,3,64.9
SS2124,4,65.4
SS2124,5,62.3
SS2125,1,53.2
SS2125,2,34.9
SS2125,3,42.6
SS2125,4,56.3
SS2125,5,29.3
SS2125,6,32.3
SS2126,1,56.9
SS2126,2,59.5
SS2126,3,57.1
SS2127,1,23.3
SS2127,2,74.4
SS2127,3,35.5
SS2127,4,43.6
SS2127,5,37.8
SS2127,6,71.1
SS2128,1,69.3
SS2128,2,57.6
SS2128,3,56.7
SS2128,4,66.1
SS2128,5,47.6
SS2128,6,68.7
SS2129,1,82.8
SS2129,2,96.7
SS2129,3,96.2
SS2129,4,82.2
SS2130,1,22.9
SS2130,2,46.4
SS2130,3,30.8
SS2130,4,50.6
SS2131,1,47.5
SS2131,2,43.2
SS2131,3,34.0
SS2131,4,66.2
SS2132,1,43.2
SS2132,2,79.7
SS2132,3,49.6
SS2132,4,53.7
SS2132,5,49.6
SS2133,1,92.9
SS2133,2,100.0
SS2133,3,100.0
SS2133,4,65.5
SS2133,5,99.6
SS2133,6,95.0
SS2134,1,60.5
SS2134,2,82.3
SS2134,3,82.8
SS2134,4,71.8
SS2134,5,52.9
SS2135,1,50.2
SS2135,2,75.5
SS2135,3,83.4
SS2135,4,39.3
SS2135,5,79.8
SS2136,1,57.5
SS2136,2,37.3
SS2136,3,66.9
SS2136,4,72.6
SS2136,5,56.2
SS2137,1,40.0
SS2137,2,76.0
SS2137,3,45.0
SS2138,1,78.0
SS2138,2,43.2
SS2138,3,68.3
SS2138,4,67.9
SS2138,5,74.3
SS2139,1,100.0
SS2139,2,84.4
SS2139,3,100.0
SS2140,1,66.3
SS2140,2,66.2
SS2140,3,76.6
SS2140,4,89.4
SS2140,5,100.0
SS2140,6,100.0
SS2141,1,50.3
SS2141,2,58.9
SS2141,3,67.2
SS2141,4,64.8
SS2141,5,52.7
SS2141,6,55.9
SS2142,1,73.0
SS2142,2,71.7
SS2142,3,70.0
SS2142,4,72.8
SS2142,5,69.1
SS2143,1,40.4
SS2143,2,66.4
SS2143,3,61.9
SS2143,4,79.6
SS2144,1,47.7
SS2144,2,37.5
SS2144,3,34.8
SS2144,4,43.5
SS2144,5,50.1
SS2145,1,76.1
SS2145,2,60.2
SS2145,3,69.7
SS2145,4,79.5
SS2145,5,88.9
SS2146,1,61.8
SS2146,2,84.5
SS2146,3,84.0
SS2146,4,75.2
SS2146,5,73.5
SS2147,1,70.0
SS2147,2,81.4
SS2147,3,94.2
SS2147,4,95.2
SS2147,5,65.0
SS2148,1,57.5
SS2148,2,31.4
SS2148,3,61.3
SS2149,1,71.6
SS2149,2,84.2
SS2149,3,40.6
SS2150,1,61.6
SS2150,2,77.6
SS2150,3,54.7
SS2150,4,77.9
SS2151,1,79.2
SS2151,2,54.4
SS2151,3,72.8
SS2151,4,55.3
SS2151,5,89.0
SS2152,1,63.6
SS2152,2,52.6
SS2152,3,44.8
SS2152,4,66.0
SS2153,1,62.7
SS2153,2,35.0
SS2153,3,39.3
SS2153,4,35.2
SS2153,5,65.2
SS2154,1,42.7
SS2154,2,84.2
SS2154,3,62.6
SS2154,4,66.6
SS2155,1,75.6
SS2155,2,83.1
SS2155,3,70.5
SS2155,4,93.8
SS2155,5,94.3
SS2155,6,67.2
SS2156,1,59.1
SS2156,2,45.8
SS2156,3,51.1
SS2156,4,70.2
SS2157,1,65.5
SS2157,2,86.3
SS2157,3,80.2
SS2157,4,71.8
SS2157,5,79.1
SS2157,6,77.5
SS2158,1,55.2
SS2158,2,62.4
SS2158,3,56.7
SS2158,4,66.7
SS2159,1,93.3
SS2159,2,83.4
SS2159,3,57.2
SS2159,4,72.2
SS2160,1,80.3
SS2160,2,87.0
SS2160,3,68.8
SS2160,4,61.2
SS2160,5,76.6
SS2161,1,64.4
SS2161,2,60.1
SS2161,3,45.5
SS2161,4,79.8
SS2162,1,43.7
SS2162,2,47.5
SS2162,3,36.4
SS2163,1,73.5
SS2163,2,66.5
SS2163,3,63.2
SS2163,4,44.1
SS2164,1,91.8
SS2164,2,87.4
SS2164,3,90.8
SS2164,4,78.1
SS2164,5,76.6
SS2164,6,75.2
SS2165,1,88.6
SS2165,2,51.9
SS2165,3,43.6
SS2166,1,52.1
SS2166,2,50.1
SS2166,3,73.4
SS2166,4,39.4
SS2167,1,35.0
SS2167,2,44.8
SS2167,3,58.8
SS2167,4,51.6
SS2167,5,63.3
SS2168,1,93.3
SS2168,2,86.2
SS2168,3,99.9
SS2168,4,71.0
SS2168,5,66.6
SS2169,1,89.4
SS2169,2,79.4
SS2169,3,89.2
SS2169,4,65.6
SS2170,1,92.7
SS2170,2,84.7
SS2170,3,75.6
SS2171,1,81.3
SS2171,2,83.1
SS2171,3,67.5
SS2172,1,68.5
SS2172,2,77.8
SS2172,3,68.0
SS2172,4,54.4
SS2173,1,66.6
SS2173,2,73.7
SS2173,3,76.7
SS2173,4,69.7
SS2173,5,73.4
SS2173,6,75.6
SS2174,1,64.9
SS2174,2,36.4
SS2174,3,79.0
SS2175,1,48.8
SS2175,2,45.7
SS2175,3,46.1
SS2175,4,92.7
SS2175,5,66.1
SS2175,6,46.9
SS2176,1,86.1
SS2176,2,95.0
SS2176,3,100.0
SS2176,4,98.6
SS2176,5,82.9
SS2177,1,77.3
SS2177,2,65.3
SS2177,3,86.8
SS2178,1,60.7
SS2178,2,50.1
SS2178,3,69.0
SS2178,4,65.0
SS2179,1,65.9
SS2179,2,81.6
SS2179,3,80.3
SS2180,1,68.5
SS2180,2,62.1
SS2180,3,50.1
SS2180,4,30.9
SS2180,5,55.3
SS2180,6,57.3
SS2181,1,86.3
SS2181,2,46.5
SS2181,3,94.4
SS2181,4,73.7
SS2181,5,94.5
SS2182,1,79.5
SS2182,2,54.1
SS2182,3,63.1
SS2182,4,57.8
SS2183,1,79.3
SS2183,2,73.8
SS2183,3,65.8
SS2183,4,60.7
SS2184,1,100.0
SS2184,2,85.6
SS2184,3,90.7
SS2184,4,85.1
SS2184,5,92.6
SS2185,1,59.4
SS2185,2,72.1
SS2185,3,77.6
SS2186,1,84.0
SS2186,2,100.0
SS2186,3,72.5
SS2186,4,58.6
SS2187,1,50.6
SS2187,2,54.3
SS2187,3,56.0
SS2188,1,27.6
SS2188,2,56.5
SS2188,3,74.6
SS2188,4,66.3
SS2188,5,61.9
SS2189,1,37.4
SS2189,2,72.2
SS2189,3,65.2
SS2189,4,58.3
SS2189,5,29.9
SS2190,1,53.8
SS2190,2,65.8
SS2190,3,59.8
SS2190,4,62.7
SS2191,1,94.1
SS2191,2,87.2
SS2191,3,93.6
SS2192,1,53.6
SS2192,2,48.7
SS2192,3,70.8
SS2192,4,73.5
SS2193,1,62.5
SS2193,2,57.5
SS2193,3,51.6
SS2193,4,58.5
SS2193,5,60.7
SS2193,6,61.5
SS2194,1,93.2
SS2194,2,47.3
SS2194,3,100.0
SS2195,1,64.0
SS2195,2,85.3
SS2195,3,64.8
SS2196,1,78.8
SS2196,2,87.6
SS2196,3,75.2
SS2197,1,86.0
SS2197,2,67.8
SS2197,3,46.7
SS2197,4,81.4
SS2197,5,73.7
SS2197,6,67.1
SS2198,1,57.4
SS2198,2,68.0
SS2198,3,52.1
SS2199,1,78.4
SS2199,2,89.0
SS2199,3,100.0
SS2199,4,91.8
SS2199,5,75.6
SS2200,1,60.9
SS2200,2,52.4
SS2200,3,51.5
SS2200,4,68.9
SS2200,5,53.6
SS2200,6,62.4
SS2201,1,50.1
SS2201,2,80.4
SS2201,3,58.4
SS2201,4,76.7
SS2201,5,53.5
SS2202,1,68.8
SS2202,2,95.9
SS2202,3,70.5
SS2202,4,58.2
SS2203,1,63.9
SS2203,2,88.5
SS2203,3,87.3
SS2204,1,43.3
SS2204,2,45.0
SS2204,3,61.9
SS2205,1,72.0
SS2205,2,54.0
SS2205,3,62.1
SS2206,1,78.8
SS2206,2,95.4
SS2206,3,52.4
SS2206,4,58.7
SS2206,5,60.8
SS2206,6,78.2
SS2207,1,85.1
SS2207,2,92.5
SS2207,3,90.0
SS2208,1,41.1
SS2208,2,42.5
SS2208,3,54.5
SS2209,1,57.0
SS2209,2,67.7
SS2209,3,53.8
SS2209,4,72.5
SS2209,5,67.1
SS2209,6,83.5
SS2210,1,48.0
SS2210,2,42.3
SS2210,3,44.9
SS2210,4,70.5
SS2211,1,37.4
SS2211,2,49.6
SS2211,3,58.3
SS2211,4,49.5
SS2212,1,67.7
SS2212,2,60.6
SS2212,3,64.6
SS2212,4,62.8
SS2212,5,60.0
SS2213,1,43.7
SS2213,2,62.8
SS2213,3,37.6
SS2213,4,51.8
SS2213,5,66.9
SS2214,1,74.6
SS2214,2,89.6
SS2214,3,53.5
SS2214,4,47.9
SS2214,5,65.9
SS2214,6,83.4
SS2215,1,86.0
SS2215,2,52.6
SS2215,3,64.3
SS2215,4,77.2
SS2216,1,71.0
SS2216,2,66.7
SS2216,3,53.2
SS2216,4,66.6
SS2216,5,71.1
SS2217,1,34.9
SS2217,2,64.3
SS2217,3,59.9
SS2217,4,37.4
SS2217,5,59.0
SS2217,6,57.6
SS2218,1,87.2
SS2218,2,96.6
SS2218,3,76.0
SS2218,4,80.4
SS2219,1,41.5
SS2219,2,90.3
SS2219,3,89.1
SS2219,4,93.4
SS2220,1,64.8
SS2220,2,89.5
SS2220,3,90.2
SS2220,4,68.5
SS2220,5,90.7
SS2220,6,83.0
SS2221,1,23.9
SS2221,2,53.6
SS2221,3,36.0
SS2222,1,48.1
SS2222,2,74.7
SS2222,3,69.1
SS2223,1,93.0
SS2223,2,77.2
SS2223,3,84.9
SS2223,4,81.4
SS2223,5,88.1
SS2224,1,41.1
SS2224,2,55.2
SS2224,3,50.8
SS2224,4,61.1
SS2224,5,55.9
SS2224,6,44.6
SS2225,1,61.7
SS2225,2,87.5
SS2225,3,44.1
SS2226,1,73.7
SS2226,2,80.6
SS2226,3,72.0
SS2226,4,90.1
SS2226,5,76.7
SS2226,6,69.5
SS2227,1,83.8
SS2227,2,95.1
SS2227,3,98.8
SS2227,4,89.9
SS2227,5,80.2
SS2227,6,74.2
SS2228,1,93.4
SS2228,2,71.8
SS2228,3,84.9
SS2228,4,59.4
SS2228,5,100.0
SS2228,6,100.0
SS2229,1,45.4
SS2229,2,68.2
SS2229,3,61.9
SS2229,4,50.6
SS2230,1,93.5
SS2230,2,90.5
SS2230,3,100.0
SS2230,4,93.2
SS2231,1,61.2
SS2231,2,62.2
SS2231,3,51.1
SS2231,4,68.3
SS2231,5,51.1
SS2232,1,79.0
SS2232,2,66.0
SS2232,3,75.2
SS2233,1,100.0
SS2233,2,66.9
SS2233,3,84.3
SS2233,4,72.7
SS2233,5,49.8
SS2233,6,85.9
SS2234,1,45.9
SS2234,2,57.2
SS2234,3,66.0
SS2234,4,56.1
SS2234,5,57.4
SS2235,1,61.1
SS2235,2,81.6
SS2235,3,69.9
SS2235,4,46.4
SS2236,1,75.4
SS2236,2,79.3
SS2236,3,83.9
SS2236,4,92.8
SS2236,5,74.7
SS2237,1,79.9
SS2237,2,87.4
SS2237,3,61.7
SS2237,4,51.5
SS2237,5,67.0
SS2238,1,85.6
SS2238,2,60.4
SS2238,3,75.1
SS2238,4,76.5
SS2238,5,72.2
SS2239,1,65.0
SS2239,2,86.1
SS2239,3,76.1
SS2239,4,100.0
SS2239,5,96.4
SS2239,6,76.6
SS2240,1,90.0
SS2240,2,71.5
SS2240,3,45.3
SS2240,4,66.0
SS2240,5,88.3
SS2240,6,56.3
SS2241,1,62.9
SS2241,2,46.1
SS2241,3,48.2
SS2241,4,53.0
SS2241,5,47.8
SS2241,6,55.8
SS2242,1,100.0
SS2242,2,79.7
SS2242,3,90.4
SS2242,4,94.4
SS2242,5,65.8
SS2243,1,62.7
SS2243,2,83.5
SS2243,3,65.3
SS2243,4,82.6
SS2243,5,95.3
SS2244,1,56.6
SS2244,2,70.9
SS2244,3,72.9
SS2244,4,68.7
SS2245,1,49.5
SS2245,2,51.0
SS2245,3,57.2
SS2246,1,54.5
SS2246,2,64.8
SS2246,3,52.1
SS2246,4,66.9
SS2247,1,50.9
SS2247,2,43.0
SS2247,3,54.6
SS2247,4,64.6
SS2247,5,69.8
SS2247,6,77.6
SS2248,1,61.7
SS2248,2,67.7
SS2248,3,75.7
SS2249,1,66.1
SS2249,2,73.5
SS2249,3,100.0
SS2249,4,87.3
SS2249,5,82.8
SS2250,1,90.3
SS2250,2,61.3
SS2250,3,70.3
SS2251,1,50.8
SS2251,2,69.4
SS2251,3,59.2
SS2251,4,65.2
SS2252,1,80.6
SS2252,2,63.5
SS2252,3,96.1
SS2253,1,60.9
SS2253,2,74.3
SS2253,3,66.7
SS2253,4,72.4
SS2253,5,86.4
SS2254,1,85.3
SS2254,2,48.9
SS2254,3,62.0
SS2254,4,46.5
SS2254,5,61.3
SS2254,6,70.1
SS2255,1,65.3
SS2255,2,27.8
SS2255,3,62.5
SS2255,4,42.7
SS2255,5,39.5
SS2255,6,56.2
SS2256,1,94.7
SS2256,2,85.2
SS2256,3,72.3
SS2256,4,85.2
SS2256,5,77.1
SS2257,1,73.1
SS2257,2,79.2
SS2257,3,78.3
SS2258,1,67.3
SS2258,2,82.2
SS2258,3,54.3
SS2258,4,90.8
SS2258,5,54.3
SS2259,1,35.2
SS2259,2,79.4
SS2259,3,52.4
SS2260,1,55.9
SS2260,2,41.0
SS2260,3,85.1
SS2260,4,78.1
SS2261,1,67.0
SS2261,2,48.0
SS2261,3,59.6
SS2261,4,46.2
SS2261,5,61.5
SS2262,1,68.9
SS2262,2,94.8
SS2262,3,68.2
SS2262,4,69.7
SS2262,5,68.1
SS2263,1,58.3
SS2263,2,50.8
SS2263,3,62.1
SS2264,1,88.7
SS2264,2,100.0
SS2264,3,100.0
SS2264,4,96.0
SS2264,5,100.0
SS2264,6,100.0
SS2265,1,79.7
SS2265,2,51.1
SS2265,3,30.3
SS2265,4,42.7
SS2266,1,41.8
SS2266,2,37.3
SS2266,3,21.2
SS2266,4,63.0
SS2266,5,25.5
SS2266,6,61.8
SS2267,1,100.0
SS2267,2,62.5
SS2267,3,77.6
SS2267,4,67.4
SS2267,5,83.4
SS2268,1,70.4
SS2268,2,84.2
SS2268,3,100.0
SS2268,4,85.3
SS2268,5,64.7
SS2269,1,82.9
SS2269,2,50.0
SS2269,3,67.8
SS2269,4,74.4
SS2269,5,68.4
SS2270,1,100.0
SS2270,2,82.9
SS2270,3,70.8
SS2270,4,81.2
SS2270,5,76.1
SS2270,6,74.0
SS2271,1,45.2
SS2271,2,36.4
SS2271,3,44.8
SS2272,1,50.6
SS2272,2,32.5
SS2272,3,72.0
SS2272,4,49.8
SS2272,5,59.0
SS2273,1,42.1
SS2273,2,42.5
SS2273,3,38.5
SS2274,1,53.7
SS2274,2,56.9
SS2274,3,41.7
SS2274,4,34.4
SS2275,1,45.5
SS2275,2,77.8
SS2275,3,58.7
SS2275,4,53.0
SS2275,5,67.9
SS2275,6,63.2
SS2276,1,20.0
SS2276,2,20.0
SS2276,3,41.2
SS2276,4,28.3
SS2276,5,43.4
SS2276,6,38.7
SS2277,1,62.4
SS2277,2,38.0
SS2277,3,51.8
SS2277,4,57.1
SS2278,1,50.9
SS2278,2,73.7
SS2278,3,37.3
SS2278,4,48.2
SS2279,1,33.1
SS2279,2,45.6
SS2279,3,53.2
SS2279,4,66.0
SS2279,5,53.2
SS2280,1,63.5
SS2280,2,51.1
SS2280,3,55.4
SS2280,4,75.2
SS2281,1,81.5
SS2281,2,64.6
SS2281,3,85.7
SS2282,1,65.3
SS2282,2,72.5
SS2282,3,73.6
SS2282,4,97.5
SS2283,1,77.5
SS2283,2,52.4
SS2283,3,88.2
SS2283,4,99.8
SS2284,1,77.6
SS2284,2,69.1
SS2284,3,92.0
SS2284,4,100.0
SS2284,5,91.8
SS2285,1,44.9
SS2285,2,75.8
SS2285,3,71.3
SS2285,4,53.6
SS2285,5,82.8
SS2285,6,71.7
SS2286,1,87.0
SS2286,2,56.1
SS2286,3,75.1
SS2286,4,58.3
SS2286,5,73.1
SS2287,1,91.8
SS2287,2,54.1
SS2287,3,54.8
SS2287,4,85.0
SS2288,1,67.6
SS2288,2,83.0
SS2288,3,57.3
SS2288,4,68.5
SS2288,5,76.7
SS2289,1,63.5
SS2289,2,37.5
SS2289,3,97.5
SS2289,4,63.6
SS2289,5,43.4
SS2289,6,64.9
SS2290,1,67.3
SS2290,2,74.6
SS2290,3,73.8
SS2290,4,58.9
SS2291,1,33.0
SS2291,2,61.4
SS2291,3,34.0
SS2291,4,71.2
SS2292,1,62.0
SS2292,2,79.8
SS2292,3,63.0
SS2293,1,58.4
SS2293,2,54.4
SS2293,3,74.1
SS2293,4,56.7
SS2293,5,74.8
SS2293,6,57.1
SS2294,1,54.4
SS2294,2,57.9
SS2294,3,59.4
SS2294,4,45.4
SS2294,5,66.5
SS2294,6,53.9
SS2295,1,64.5
SS2295,2,57.2
SS2295,3,65.0
SS2296,1,45.0
SS2296,2,40.0
SS2296,3,55.8
SS2296,4,43.9
SS2297,1,97.7
SS2297,2,79.6
SS2297,3,60.8
SS2297,4,71.1
SS2298,1,54.0
SS2298,2,80.9
SS2298,3,77.1
SS2298,4,66.2
SS2298,5,70.8
SS2298,6,65.9
SS2299,1,66.0
SS2299,2,61.6
SS2299,3,63.9
SS2300,1,74.0
SS2300,2,68.3
SS2300,3,85.1
SS2301,1,78.9
SS2301,2,73.1
SS2301,3,79.3
SS2301,4,60.8
SS2302,1,35.1
SS2302,2,36.2
SS2302,3,65.6
SS2302,4,23.5
SS2302,5,67.3
SS2303,1,69.1
SS2303,2,100.0
SS2303,3,78.4
SS2304,1,68.4
SS2304,2,90.0
SS2304,3,54.7
SS2304,4,54.5
SS2304,5,50.0
SS2305,1,47.7
SS2305,2,56.4
SS2305,3,53.5
SS2305,4,44.4
SS2305,5,58.0
SS2306,1,72.3
SS2306,2,54.9
SS2306,3,64.4
SS2306,4,84.8
SS2306,5,48.0
SS2306,6,91.6
SS2307,1,72.1
SS2307,2,83.5
SS2307,3,97.5
SS2308,1,86.9
SS2308,2,72.4
SS2308,3,57.3
SS2309,1,40.2
SS2309,2,42.9
SS2309,3,75.0
SS2310,1,68.1
SS2310,2,77.3
SS2310,3,59.5
SS2310,4,58.1
SS2310,5,73.4
SS2310,6,68.9
SS2311,1,56.4
SS2311,2,40.5
SS2311,3,58.7
SS2311,4,79.8
SS2311,5,48.6
SS2312,1,100.0
SS2312,2,45.5
SS2312,3,80.1
SS2312,4,65.7
SS2312,5,100.0
SS2313,1,77.4
SS2313,2,52.6
SS2313,3,69.8
SS2313,4,81.6
SS2313,5,83.6
SS2313,6,60.7
SS2314,1,20.0
SS2314,2,25.2
SS2314,3,46.9
SS2314,4,64.2
SS2314,5,36.2
SS2315,1,62.7
SS2315,2,100.0
SS2315,3,75.9
SS2316,1,75.3
SS2316,2,89.8
SS2316,3,100.0
SS2316,4,90.4
SS2316,5,100.0
SS2317,1,65.6
SS2317,2,67.9
SS2317,3,76.9
SS2317,4,82.8
SS2317,5,90.8
SS2318,1,98.1
SS2318,2,100.0
SS2318,3,80.2
SS2319,1,48.6
SS2319,2,43.5
SS2319,3,66.7
SS2319,4,67.4
SS2319,5,46.9
SS2320,1,100.0
SS2320,2,68.7
SS2320,3,91.3
SS2320,4,96.8
SS2321,1,38.9
SS2321,2,64.1
SS2321,3,21.2
SS2322,1,79.6
SS2322,2,54.6
SS2322,3,76.3
SS2322,4,78.7
SS2323,1,64.1
SS2323,2,61.1
SS2323,3,50.2
SS2323,4,44.6
SS2324,1,56.6
SS2324,2,43.1
SS2324,3,54.8
SS2324,4,53.8
SS2325,1,47.0
SS2325,2,34.6
SS2325,3,40.6
SS2325,4,20.0
SS2326,1,73.7
SS2326,2,82.4
SS2326,3,42.8
SS2326,4,80.8
SS2326,5,76.1
SS2327,1,61.1
SS2327,2,70.8
SS2327,3,90.1
SS2327,4,63.7
SS2328,1,70.6
SS2328,2,74.1
SS2328,3,58.9
SS2328,4,82.7
SS2329,1,53.6
SS2329,2,45.1
SS2329,3,79.1
SS2329,4,61.6
SS2329,5,26.5
SS2329,6,43.3
SS2330,1,94.0
SS2330,2,49.1
SS2330,3,62.8
SS2331,1,72.3
SS2331,2,64.8
SS2331,3,66.7
SS2331,4,65.9
SS2332,1,77.6
SS2332,2,67.0
SS2332,3,83.0
SS2333,1,76.1
SS2333,2,75.0
SS2333,3,100.0
SS2333,4,76.3
SS2333,5,100.0
SS2333,6,84.6
SS2334,1,77.6
SS2334,2,56.1
SS2334,3,100.0
SS2335,1,56.1
SS2335,2,26.7
SS2335,3,69.0
SS2335,4,55.5
SS2335,5,44.1
SS2335,6,68.3
SS2336,1,20.0
SS2336,2,21.1
SS2336,3,26.5
SS2337,1,54.1
SS2337,2,72.1
SS2337,3,39.8
SS2337,4,49.0
SS2338,1,100.0
SS2338,2,84.6
SS2338,3,90.6
SS2338,4,68.4
SS2338,5,100.0
SS2339,1,51.5
SS2339,2,64.3
SS2339,3,63.9
SS2339,4,61.9
SS2339,5,55.2
SS2339,6,63.9
SS2340,1,79.0
SS2340,2,85.9
SS2340,3,53.9
SS2341,1,81.6
SS2341,2,76.9
SS2341,3,100.0
SS2342,1,84.1
SS2342,2,96.9
SS2342,3,91.5
SS2342,4,100.0
SS2342,5,79.2
SS2342,6,68.0
SS2343,1,90.5
SS2343,2,78.0
SS2343,3,72.2
SS2343,4,86.3
SS2344,1,68.9
SS2344,2,82.6
SS2344,3,65.4
SS2345,1,76.0
SS2345,2,71.1
SS2345,3,60.1
SS2345,4,61.6
SS2345,5,59.2
SS2346,1,72.5
SS2346,2,63.1
SS2346,3,74.7
SS2347,1,92.0
SS2347,2,89.5
SS2347,3,89.7
SS2347,4,79.4
SS2347,5,83.1
SS2347,6,65.1
SS2348,1,69.9
SS2348,2,58.7
SS2348,3,72.8
SS2348,4,62.2
SS2348,5,44.8
SS2348,6,100.0
SS2349,1,72.4
SS2349,2,94.2
SS2349,3,68.5
SS2349,4,97.5
SS2349,5,60.4
SS2349,6,77.7
SS2350,1,67.0
SS2350,2,100.0
SS2350,3,78.0
SS2350,4,92.0
SS2351,1,56.7
SS2351,2,50.5
SS2351,3,57.5
SS2352,1,93.5
SS2352,2,84.5
SS2352,3,77.9
SS2352,4,82.6
SS2353,1,87.1
SS2353,2,56.8
SS2353,3,38.1
SS2353,4,47.9
SS2354,1,20.0
SS2354,2,21.8
SS2354,3,22.3
SS2354,4,33.0
SS2354,5,36.5
SS2354,6,36.4
SS2355,1,28.8
SS2355,2,51.2
SS2355,3,45.2
SS2355,4,58.9
SS2355,5,49.3
SS2356,1,48.3
SS2356,2,69.8
SS2356,3,56.4
SS2356,4,63.2
SS2356,5,62.2
SS2356,6,51.2
SS2357,1,74.2
SS2357,2,71.2
SS2357,3,61.8
SS2357,4,45.0
SS2357,5,63.9
SS2357,6,75.5
SS2358,1,81.6
SS2358,2,77.8
SS2358,3,63.9
SS2358,4,58.7
SS2358,5,65.2
SS2359,1,55.7
SS2359,2,40.9
SS2359,3,48.3
SS2360,1,100.0
SS2360,2,100.0
SS2360,3,100.0
SS2361,1,48.7
SS2361,2,31.4
SS2361,3,47.4
SS2362,1,73.6
SS2362,2,76.4
SS2362,3,74.6
SS2362,4,81.3
SS2362,5,90.9
SS2363,1,64.7
SS2363,2,100.0
SS2363,3,43.7
SS2364,1,46.3
SS2364,2,59.0
SS2364,3,63.5
SS2364,4,54.0
SS2364,5,50.0
SS2364,6,85.0
SS2365,1,59.3
SS2365,2,53.1
SS2365,3,88.4
SS2366,1,56.2
SS2366,2,59.4
SS2366,3,47.7
SS2366,4,27.3
SS2366,5,46.3
SS2366,6,25.5
SS2367,1,87.4
SS2367,2,92.8
SS2367,3,98.3
SS2367,4,83.1
SS2367,5,94.0
SS2368,1,45.4
SS2368,2,69.7
SS2368,3,65.9
SS2369,1,82.0
SS2369,2,99.3
SS2369,3,100.0
SS2370,1,66.6
SS2370,2,54.9
SS2370,3,67.9
SS2370,4,72.8
SS2371,1,68.6
SS2371,2,66.3
SS2371,3,86.2
SS2371,4,90.1
SS2372,1,93.2
SS2372,2,74.0
SS2372,3,49.6
SS2372,4,91.8
SS2373,1,79.3
SS2373,2,39.5
SS2373,3,52.2
SS2373,4,59.2
SS2373,5,76.5
SS2374,1,27.5
SS2374,2,56.9
SS2374,3,68.6
SS2375,1,30.7
SS2375,2,77.2
SS2375,3,78.8
SS2376,1,59.1
SS2376,2,55.1
SS2376,3,58.9
SS2376,4,35.4
SS2376,5,65.9
SS2377,1,58.7
SS2377,2,39.9
SS2377,3,68.4
SS2377,4,57.1
SS2377,5,59.2
SS2377,6,50.6
SS2378,1,74.1
SS2378,2,81.2
SS2378,3,59.1
SS2378,4,74.3
SS2379,1,68.1
SS2379,2,63.5
SS2379,3,79.9
SS2379,4,48.7
SS2379,5,52.6
SS2379,6,48.0
SS2380,1,100.0
SS2380,2,91.5
SS2380,3,86.0
SS2380,4,100.0
SS2381,1,88.3
SS2381,2,60.5
SS2381,3,47.0
SS2381,4,89.0
SS2382,1,92.2
SS2382,2,91.6
SS2382,3,87.5
SS2383,1,53.1
SS2383,2,58.1
SS2383,3,72.3
SS2383,4,57.7
SS2384,1,75.0
SS2384,2,69.6
SS2384,3,55.7
SS2384,4,90.5
SS2385,1,56.5
SS2385,2,53.1
SS2385,3,56.0
SS2385,4,25.5
SS2385,5,42.4
SS2386,1,40.3
SS2386,2,61.8
SS2386,3,64.4
SS2387,1,70.5
SS2387,2,84.0
SS2387,3,49.2
SS2388,1,76.2
SS2388,2,92.0
SS2388,3,90.0
SS2388,4,69.5
SS2389,1,84.5
SS2389,2,89.0
SS2389,3,74.4
SS2390,1,64.4
SS2390,2,86.1
SS2390,3,88.4
SS2391,1,70.8
SS2391,2,91.8
SS2391,3,72.8
SS2391,4,100.0
SS2391,5,84.5
SS2392,1,90.8
SS2392,2,99.2
SS2392,3,100.0
SS2392,4,98.9
SS2392,5,86.2
SS2392,6,78.6
SS2393,1,50.6
SS2393,2,33.5
SS2393,3,67.5
SS2393,4,60.2
SS2393,5,60.9
SS2394,1,100.0
SS2394,2,93.5
SS2394,3,100.0
SS2395,1,52.2
SS2395,2,47.1
SS2395,3,43.4
SS2395,4,69.1
SS2395,5,74.7
SS2395,6,52.0
SS2396,1,42.2
SS2396,2,75.9
SS2396,3,37.1
SS2396,4,69.1
SS2396,5,48.6
SS2397,1,55.5
SS2397,2,64.3
SS2397,3,56.5
SS2397,4,46.5
SS2397,5,68.4
SS2398,1,98.8
SS2398,2,100.0
SS2398,3,72.8
SS2399,1,54.3
SS2399,2,89.6
SS2399,3,76.3
SS2399,4,87.0
SS2399,5,62.4
SS2400,1,62.4
SS2400,2,67.6
SS2400,3,54.6
SS2401,1,85.2
SS2401,2,64.5
SS2401,3,87.3
SS2401,4,100.0
SS2401,5,66.1
SS2402,1,58.0
SS2402,2,90.4
SS2402,3,57.8
SS2403,1,100.0
SS2403,2,92.3
SS2403,3,86.2
SS2403,4,100.0
SS2403,5,100.0
SS2403,6,95.2
SS2404,1,20.0
SS2404,2,55.2
SS2404,3,32.0
SS2405,1,59.7
SS2405,2,62.7
SS2405,3,87.3
SS2405,4,59.3
SS2405,5,44.1
SS2406,1,79.1
SS2406,2,69.4
SS2406,3,69.9
SS2407,1,59.6
SS2407,2,62.7
SS2407,3,28.7
SS2407,4,22.2
SS2407,5,51.3
SS2408,1,76.4
SS2408,2,77.6
SS2408,3,65.2
SS2408,4,87.4
SS2409,1,67.7
SS2409,2,60.5
SS2409,3,44.5
SS2409,4,78.2
SS2409,5,65.8
SS2409,6,77.0
SS2410,1,48.3
SS2410,2,76.3
SS2410,3,66.3
SS2410,4,76.1
SS2410,5,87.9
SS2411,1,99.8
SS2411,2,95.2
SS2411,3,95.2
SS2411,4,74.7
SS2412,1,49.6
SS2412,2,76.0
SS2412,3,54.8
SS2413,1,75.3
SS2413,2,71.2
SS2413,3,71.9
SS2413,4,64.8
SS2413,5,54.8
SS2414,1,65.5
SS2414,2,75.8
SS2414,3,39.9
SS2414,4,83.7
SS2415,1,72.3
SS2415,2,77.7
SS2415,3,77.8
SS2416,1,58.1
SS2416,2,41.5
SS2416,3,60.6
SS2416,4,66.3
SS2416,5,32.0
SS2417,1,40.9
SS2417,2,69.4
SS2417,3,67.0
SS2418,1,83.6
SS2418,2,70.8
SS2418,3,89.0
SS2419,1,55.3
SS2419,2,69.1
SS2419,3,53.9
SS2420,1,37.3
SS2420,2,26.0
SS2420,3,49.2
SS2420,4,45.0
SS2421,1,42.7
SS2421,2,64.3
SS2421,3,37.7
SS2422,1,85.0
SS2422,2,77.5
SS2422,3,95.2
SS2423,1,79.6
SS2423,2,88.1
SS2423,3,72.3
SS2423,4,32.7
SS2424,1,50.5
SS2424,2,76.4
SS2424,3,51.9
SS2425,1,38.9
SS2425,2,69.6
SS2425,3,70.6
SS2426,1,56.7
SS2426,2,63.0
SS2426,3,55.2
SS2426,4,73.0
SS2427,1,76.3
SS2427,2,60.4
SS2427,3,75.5
SS2428,1,38.8
SS2428,2,67.3
SS2428,3,59.9
SS2428,4,46.7
SS2428,5,49.4
SS2428,6,61.5
SS2429,1,52.8
SS2429,2,65.0
SS2429,3,74.3
SS2429,4,48.7
SS2430,1,90.9
SS2430,2,87.1
SS2430,3,72.7
SS2430,4,63.7
SS2430,5,72.6
SS2430,6,66.3
SS2431,1,54.4
SS2431,2,71.6
SS2431,3,51.4
SS2431,4,60.3
SS2431,5,60.5
SS2431,6,47.0
SS2432,1,82.0
SS2432,2,70.4
SS2432,3,90.3
SS2432,4,70.2
SS2432,5,68.1
SS2432,6,61.6
SS2433,1,50.5
SS2433,2,50.6
SS2433,3,59.6
SS2433,4,50.9
SS2433,5,77.2
SS2434,1,76.5
SS2434,2,57.8
SS2434,3,56.7
SS2434,4,77.6
SS2435,1,67.0
SS2435,2,87.9
SS2435,3,91.8
SS2435,4,92.2
SS2435,5,68.9
SS2436,1,84.3
SS2436,2,76.5
SS2436,3,64.4
SS2437,1,65.7
SS2437,2,73.9
SS2437,3,59.1
SS2437,4,71.7
SS2437,5,86.6
SS2437,6,80.3
SS2438,1,65.9
SS2438,2,67.8
SS2438,3,57.8
SS2438,4,58.2
SS2439,1,35.1
SS2439,2,58.4
SS2439,3,64.0
SS2440,1,64.2
SS2440,2,53.7
SS2440,3,66.0
SS2441,1,99.8
SS2441,2,94.1
SS2441,3,82.0
SS2442,1,91.1
SS2442,2,99.6
SS2442,3,58.3
SS2443,1,51.2
SS2443,2,63.4
SS2443,3,42.5
SS2443,4,65.4
SS2443,5,55.7
SS2444,1,64.4
SS2444,2,52.1
SS2444,3,49.4
SS2445,1,42.8
SS2445,2,87.9
SS2445,3,80.8
SS2445,4,77.4
SS2445,5,73.1
SS2445,6,38.6
SS2446,1,51.3
SS2446,2,57.8
SS2446,3,47.0
SS2446,4,39.1
SS2447,1,59.6
SS2447,2,72.9
SS2447,3,72.9
SS2447,4,84.1
SS2447,5,99.1
SS2448,1,81.7
SS2448,2,70.5
SS2448,3,96.2
SS2448,4,52.2
SS2449,1,50.6
SS2449,2,66.1
SS2449,3,88.2
SS2450,1,86.7
SS2450,2,69.8
SS2450,3,75.0
SS2451,1,62.8
SS2451,2,62.8
SS2451,3,99.1
SS2451,4,77.0
SS2451,5,100.0
SS2452,1,42.3
SS2452,2,60.3
SS2452,3,56.9
SS2452,4,65.3
SS2452,5,57.2
SS2453,1,67.1
SS2453,2,61.5
SS2453,3,40.1
SS2453,4,63.8
SS2454,1,63.7
SS2454,2,54.9
SS2454,3,74.0
SS2454,4,77.0
SS2455,1,53.8
SS2455,2,55.5
SS2455,3,42.1
SS2455,4,36.6
SS2455,5,56.9
SS2455,6,70.4
SS2456,1,43.7
SS2456,2,69.8
SS2456,3,48.5
SS2456,4,48.6
SS2456,5,47.4
SS2456,6,64.0
SS2457,1,47.8
SS2457,2,58.6
SS2457,3,53.2
SS2457,4,53.0
SS2458,1,60.3
SS2458,2,58.3
SS2458,3,73.5
SS2459,1,57.2
SS2459,2,64.5
SS2459,3,59.5
SS2459,4,75.5
SS2460,1,58.0
SS2460,2,58.0
SS2460,3,71.6
SS2460,4,57.8
SS2460,5,68.4
SS2461,1,100.0
SS2461,2,68.6
SS2461,3,100.0
SS2461,4,74.9
SS2461,5,98.7
SS2462,1,77.5
SS2462,2,76.4
SS2462,3,66.6
SS2463,1,91.7
SS2463,2,85.6
SS2463,3,95.1
SS2464,1,65.8
SS2464,2,70.7
SS2464,3,49.9
SS2464,4,68.5
SS2465,1,78.6
SS2465,2,74.5
SS2465,3,62.5
SS2465,4,95.5
SS2465,5,54.7
SS2465,6,61.1
SS2466,1,47.2
SS2466,2,60.9
SS2466,3,89.3
SS2467,1,64.5
SS2467,2,49.4
SS2467,3,80.6
SS2467,4,74.4
SS2468,1,82.5
SS2468,2,67.8
SS2468,3,58.6
SS2469,1,90.6
SS2469,2,100.0
SS2469,3,92.1
SS2470,1,60.0
SS2470,2,48.0
SS2470,3,60.5
SS2470,4,55.0
SS2470,5,45.8
SS2471,1,79.0
SS2471,2,72.2
SS2471,3,85.2
SS2471,4,88.6
SS2472,1,75.2
SS2472,2,47.4
SS2472,3,56.2
SS2472,4,60.4
SS2473,1,35.2
SS2473,2,38.5
SS2473,3,57.6
SS2473,4,54.7
SS2473,5,40.1
SS2473,6,53.3
SS2474,1,80.3
SS2474,2,75.6
SS2474,3,90.9
SS2475,1,73.9
SS2475,2,83.2
SS2475,3,68.8
SS2476,1,41.9
SS2476,2,37.2
SS2476,3,42.1
SS2476,4,56.0
SS2476,5,51.0
SS2476,6,51.4
SS2477,1,62.0
SS2477,2,88.9
SS2477,3,51.1
SS2477,4,49.7
SS2477,5,54.9
SS2478,1,42.7
SS2478,2,50.3
SS2478,3,51.6
SS2479,1,61.9
SS2479,2,48.2
SS2479,3,44.4
SS2479,4,70.8
SS2480,1,43.4
SS2480,2,80.4
SS2480,3,85.2
SS2480,4,100.0
SS2480,5,58.0
SS2481,1,54.4
SS2481,2,42.3
SS2481,3,36.5
SS2481,4,57.2
SS2482,1,62.4
SS2482,2,67.3
SS2482,3,44.7
SS2482,4,60.3
SS2482,5,49.0
SS2483,1,76.2
SS2483,2,84.0
SS2483,3,66.5
SS2483,4,83.0
SS2483,5,53.2
SS2484,1,67.7
SS2484,2,72.6
SS2484,3,71.3
SS2484,4,43.8
SS2485,1,57.2
SS2485,2,63.8
SS2485,3,65.7
SS2485,4,61.4
SS2485,5,78.5
SS2485,6,43.1
SS2486,1,72.5
SS2486,2,53.7
SS2486,3,83.7
SS2486,4,82.8
SS2487,1,94.4
SS2487,2,64.2
SS2487,3,55.2
SS2487,4,54.2
SS2487,5,46.8
SS2487,6,52.6
SS2488,1,57.8
SS2488,2,28.7
SS2488,3,56.8
SS2489,1,69.3
SS2489,2,90.8
SS2489,3,66.3
SS2489,4,58.0
SS2490,1,82.1
SS2490,2,79.6
SS2490,3,76.9
SS2490,4,62.0
SS2490,5,76.6
SS2491,1,74.6
SS2491,2,79.3
SS2491,3,91.6
SS2491,4,73.3
SS2491,5,79.2
SS2491,6,89.1
SS2492,1,53.9
SS2492,2,91.3
SS2492,3,60.6
SS2493,1,62.1
SS2493,2,67.3
SS2493,3,66.0
SS2493,4,67.5
SS2493,5,85.2
SS2493,6,63.8
SS2494,1,51.5
SS2494,2,70.7
SS2494,3,49.0
SS2495,1,98.4
SS2495,2,67.8
SS2495,3,84.9
SS2495,4,78.2
SS2496,1,55.2
SS2496,2,37.8
SS2496,3,78.2
SS2496,4,30.0
SS2497,1,98.1
SS2497,2,94.7
SS2497,3,87.3
SS2497,4,84.0
SS2498,1,81.6
SS2498,2,89.6
SS2498,3,54.8
SS2498,4,59.6
SS2498,5,50.3
SS2498,6,42.3
SS2499,1,98.2
SS2499,2,95.4
SS2499,3,71.3
SS2499,4,98.1
SS2499,5,95.9
SS2500,1,65.9
SS2500,2,65.0
SS2500,3,79.2
SS2500,4,94.6
SS2500,5,78.9
SS2500,6,83.8
SS2501,1,42.0
SS2501,2,47.4
SS2501,3,60.7
SS2501,4,35.1
SS2502,1,61.9
SS2502,2,65.6
SS2502,3,58.7
SS2502,4,63.4
SS2502,5,60.0
SS2502,6,51.1
SS2503,1,60.9
SS2503,2,75.0
SS2503,3,93.2
SS2503,4,89.5
SS2504,1,75.2
SS2504,2,74.9
SS2504,3,74.0
SS2504,4,74.0
SS2504,5,83.4
SS2505,1,78.8
SS2505,2,94.5
SS2505,3,54.3
SS2505,4,73.6
SS2505,5,72.2
SS2506,1,62.3
SS2506,2,53.3
SS2506,3,70.2
SS2506,4,94.2
SS2506,5,70.1
SS2507,1,65.7
SS2507,2,73.9
SS2507,3,61.1
SS2507,4,76.1
SS2507,5,84.8
SS2508,1,58.7
SS2508,2,25.4
SS2508,3,71.3
SS2508,4,61.2
SS2509,1,39.4
SS2509,2,39.3
SS2509,3,54.4
SS2509,4,43.9
SS2509,5,61.3
SS2510,1,67.8
SS2510,2,51.9
SS2510,3,48.6
SS2510,4,57.1
SS2510,5,53.5
SS2510,6,32.6
SS2511,1,94.0
SS2511,2,78.4
SS2511,3,63.1
SS2511,4,44.2
SS2512,1,79.5
SS2512,2,74.2
SS2512,3,81.0
SS2512,4,53.7
SS2512,5,75.7
SS2513,1,81.7
SS2513,2,84.5
SS2513,3,83.9
SS2514,1,76.8
SS2514,2,95.9
SS2514,3,69.4
SS2514,4,64.3
SS2515,1,47.2
SS2515,2,63.1
SS2515,3,51.5
SS2515,4,82.2
SS2515,5,68.5
SS2515,6,81.9
SS2516,1,94.8
SS2516,2,64.5
SS2516,3,71.2
SS2516,4,93.0
SS2516,5,78.2
SS2517,1,64.1
SS2517,2,70.7
SS2517,3,69.0
SS2518,1,69.3
SS2518,2,82.2
SS2518,3,63.1
SS2518,4,70.8
SS2518,5,61.7
SS2519,1,68.6
SS2519,2,46.2
SS2519,3,33.4
SS2519,4,63.8
SS2519,5,42.0
SS2519,6,40.7
SS2520,1,66.2
SS2520,2,62.4
SS2520,3,45.3
SS2521,1,30.7
SS2521,2,77.2
SS2521,3,78.9
SS2522,1,75.1
SS2522,2,74.5
SS2522,3,66.0
SS2522,4,63.1
SS2523,1,60.5
SS2523,2,65.8
SS2523,3,79.1
SS2523,4,79.3
SS2523,5,85.2
SS2524,1,54.8
SS2524,2,51.5
SS2524,3,68.2
SS2524,4,59.8
SS2525,1,71.6
SS2525,2,52.2
SS2525,3,84.5
SS2525,4,58.5
SS2525,5,89.9
SS2525,6,76.0
SS2526,1,59.5
SS2526,2,100.0
SS2526,3,76.7
SS2526,4,75.4
SS2526,5,72.4
SS2526,6,79.3
SS2527,1,72.2
SS2527,2,54.2
SS2527,3,62.6
SS2527,4,66.9
SS2527,5,73.0
SS2528,1,79.2
SS2528,2,73.5
SS2528,3,64.2
SS2528,4,63.6
SS2529,1,41.1
SS2529,2,64.3
SS2529,3,48.6
SS2530,1,68.3
SS2530,2,73.9
SS2530,3,70.9
SS2530,4,70.7
SS2530,5,59.0
SS2530,6,74.3
SS2531,1,70.6
SS2531,2,73.6
SS2531,3,89.8
SS2531,4,81.3
SS2531,5,67.3
SS2531,6,72.8
SS2532,1,78.1
SS2532,2,53.3
SS2532,3,57.8
SS2532,4,65.9
SS2533,1,69.5
SS2533,2,61.9
SS2533,3,57.0
SS2533,4,66.6
SS2533,5,75.3
SS2534,1,75.1
SS2534,2,38.9
SS2534,3,80.8
SS2534,4,54.2
SS2534,5,69.9
SS2534,6,48.3
SS2535,1,38.3
SS2535,2,42.1
SS2535,3,54.9
SS2535,4,66.0
SS2535,5,59.6
SS2536,1,48.1
SS2536,2,65.9
SS2536,3,51.4
SS2537,1,86.1
SS2537,2,100.0
SS2537,3,82.4
SS2537,4,73.5
SS2537,5,88.8
SS2538,1,89.4
SS2538,2,83.8
SS2538,3,81.9
SS2538,4,99.2
SS2538,5,97.5
SS2538,6,78.4
SS2539,1,64.6
SS2539,2,78.6
SS2539,3,64.6
SS2539,4,84.5
SS2539,5,78.5
SS2539,6,100.0
SS2540,1,100.0
SS2540,2,77.6
SS2540,3,84.9
SS2540,4,66.7
SS2541,1,35.7
SS2541,2,65.0
SS2541,3,48.0
SS2541,4,84.8
SS2541,5,78.6
SS2542,1,91.5
SS2542,2,90.7
SS2542,3,100.0
SS2542,4,100.0
SS2543,1,50.9
SS2543,2,49.2
SS2543,3,59.1
SS2543,4,68.6
SS2543,5,56.3
SS2544,1,75.2
SS2544,2,94.7
SS2544,3,51.0
SS2545,1,55.0
SS2545,2,42.8
SS2545,3,49.9
SS2545,4,57.0
SS2546,1,61.3
SS2546,2,77.6
SS2546,3,72.8
SS2546,4,74.7
SS2547,1,72.9
SS2547,2,74.1
SS2547,3,72.3
SS2547,4,73.7
SS2548,1,69.9
SS2548,2,39.5
SS2548,3,68.2
SS2548,4,53.2
SS2549,1,84.7
SS2549,2,68.8
SS2549,3,84.4
SS2550,1,72.7
SS2550,2,75.0
SS2550,3,53.7
SS2550,4,74.4
SS2550,5,83.9
SS2551,1,63.1
SS2551,2,69.5
SS2551,3,42.6
SS2551,4,57.8
SS2552,1,57.7
SS2552,2,66.6
SS2552,3,46.4
SS2552,4,88.9
SS2552,5,58.3
SS2552,6,37.6
SS2553,1,88.1
SS2553,2,55.1
SS2553,3,75.7
SS2554,1,52.2
SS2554,2,46.7
SS2554,3,76.8
SS2554,4,60.9
SS2554,5,86.7
SS2555,1,44.9
SS2555,2,37.8
SS2555,3,51.9
SS2556,1,93.5
SS2556,2,66.7
SS2556,3,63.1
SS2556,4,63.5
SS2556,5,49.6
SS2557,1,100.0
SS2557,2,100.0
SS2557,3,99.7
SS2557,4,100.0
SS2558,1,46.0
SS2558,2,51.2
SS2558,3,59.4
SS2558,4,75.5
SS2559,1,30.2
SS2559,2,46.2
SS2559,3,44.4
SS2559,4,26.6
SS2559,5,40.5
SS2560,1,63.9
SS2560,2,37.6
SS2560,3,75.2
SS2560,4,63.0
SS2560,5,61.4
SS2560,6,57.0
SS2561,1,51.1
SS2561,2,56.9
SS2561,3,70.0
SS2561,4,56.8
SS2562,1,75.6
SS2562,2,61.4
SS2562,3,79.0
SS2562,4,79.9
SS2562,5,51.9
SS2562,6,74.0
SS2563,1,53.4
SS2563,2,49.0
SS2563,3,65.5
SS2564,1,100.0
SS2564,2,84.9
SS2564,3,92.9
SS2564,4,82.7
SS2565,1,60.3
SS2565,2,69.2
SS2565,3,49.3
SS2565,4,63.7
SS2566,1,85.7
SS2566,2,79.5
SS2566,3,86.6
SS2566,4,72.8
SS2566,5,92.4
SS2566,6,67.7
SS2567,1,82.1
SS2567,2,62.1
SS2567,3,49.6
SS2568,1,42.6
SS2568,2,47.4
SS2568,3,45.4
SS2568,4,56.7
SS2569,1,37.5
SS2569,2,70.9
SS2569,3,55.5
SS2569,4,55.0
SS2570,1,35.4
SS2570,2,40.6
SS2570,3,21.7
SS2570,4,71.6
SS2570,5,32.2
SS2570,6,33.2
SS2571,1,98.2
SS2571,2,84.8
SS2571,3,81.4
SS2571,4,84.2
SS2572,1,87.4
SS2572,2,76.3
SS2572,3,54.9
SS2572,4,84.5
SS2572,5,80.5
SS2572,6,90.2
SS2573,1,62.5
SS2573,2,69.2
SS2573,3,83.8
SS2573,4,66.4
SS2573,5,48.1
SS2574,1,69.1
SS2574,2,78.1
SS2574,3,64.8
SS2574,4,73.6
SS2574,5,71.7
SS2575,1,76.2
SS2575,2,77.9
SS2575,3,93.6
SS2575,4,63.6
SS2575,5,86.1
SS2575,6,60.7
SS2576,1,32.8
SS2576,2,58.6
SS2576,3,27.4
SS2577,1,74.1
SS2577,2,100.0
SS2577,3,90.5
SS2577,4,67.6
SS2578,1,60.9
SS2578,2,66.1
SS2578,3,85.4
SS2578,4,55.3
SS2578,5,54.5
SS2579,1,83.5
SS2579,2,52.3
SS2579,3,62.4
SS2580,1,69.8
SS2580,2,70.5
SS2580,3,53.2
SS2581,1,57.8
SS2581,2,60.4
SS2581,3,44.6
SS2582,1,68.1
SS2582,2,50.9
SS2582,3,33.4
SS2582,4,67.6
SS2582,5,39.7
SS2582,6,48.8
SS2583,1,50.4
SS2583,2,64.8
SS2583,3,50.4
SS2583,4,51.2
SS2583,5,54.6
SS2584,1,66.8
SS2584,2,87.2
SS2584,3,56.9
SS2584,4,72.8
SS2585,1,76.2
SS2585,2,73.4
SS2585,3,87.6
SS2585,4,55.4
SS2585,5,82.4
SS2586,1,32.0
SS2586,2,41.6
SS2586,3,30.7
SS2586,4,43.9
SS2586,5,40.7
SS2587,1,74.5
SS2587,2,56.3
SS2587,3,58.9
SS2587,4,38.8
SS2587,5,62.8
SS2587,6,74.5
SS2588,1,67.9
SS2588,2,39.5
SS2588,3,50.6
SS2588,4,58.0
SS2588,5,49.1
SS2588,6,89.5
SS2589,1,55.1
SS2589,2,60.8
SS2589,3,53.6
SS2589,4,64.4
SS2589,5,79.4
SS2589,6,62.9
SS2590,1,45.5
SS2590,2,34.3
SS2590,3,64.0
SS2591,1,45.6
SS2591,2,45.1
SS2591,3,20.0
SS2591,4,45.8
SS2591,5,42.3
SS2591,6,23.8
SS2592,1,68.2
SS2592,2,48.3
SS2592,3,79.9
SS2592,4,73.7
SS2593,1,57.7
SS2593,2,84.9
SS2593,3,88.0
SS2593,4,59.8
SS2594,1,37.3
SS2594,2,22.7
SS2594,3,55.6
SS2594,4,38.0
SS2594,5,56.0
SS2595,1,57.1
SS2595,2,54.4
SS2595,3,57.2
SS2595,4,47.6
SS2595,5,57.2
SS2596,1,70.2
SS2596,2,79.6
SS2596,3,81.2
SS2596,4,65.9
SS2597,1,63.4
SS2597,2,47.0
SS2597,3,68.6
SS2597,4,52.2
SS2597,5,50.0
SS2597,6,42.7
SS2598,1,71.3
SS2598,2,63.7
SS2598,3,74.5
SS2599,1,100.0
SS2599,2,69.9
SS2599,3,87.3
SS2600,1,68.2
SS2600,2,66.6
SS2600,3,55.0
